"FXY1","FXY2"
"300002","000002"
"300002","000003"
"300003","000010"
"300003","000011"
"300003","000012"
"300004","300003"
"300004","000013"
"300004","000014"
"300004","000015"
"300004","000016"
"300004","000017"
"300004","000018"
"300004","000019"
"300004","000020"
"300010","300003"
"300010","101000"
"300010","031001"
"300010","000030"
"300015","000030"
"300015","102000"
"300015","031002"
"300015","000024"
"300015","000025"
"300016","000030"
"300016","102000"
"300016","031001"
"300016","000026"
"300016","000027"
"301001","001001"
"301001","001002"
"301002","001003"
"301002","001004"
"301002","001005"
"301003","001011"
"301003","001012"
"301003","001013"
"301004","001001"
"301004","001002"
"301004","001015"
"301004","002001"
"301005","001035"
"301005","001034"
"301011","004001"
"301011","004002"
"301011","004003"
"301012","004004"
"301012","004005"
"301013","004004"
"301013","004005"
"301013","004006"
"301014","102002"
"301014","301011"
"301014","301012"
"301021","005001"
"301021","006001"
"301022","005001"
"301022","006001"
"301022","007001"
"301023","005002"
"301023","006002"
"301024","005002"
"301024","006002"
"301024","007001"
"301025","301023"
"301025","004003"
"301025","301012"
"301026","301021"
"301026","004003"
"301026","004003"
"301026","004004"
"301026","004004"
"301026","004005"
"301026","004005"
"301027","008007"
"301027","101000"
"301027","031001"
"301027","301028"
"301027","008007"
"301028","008040"
"301028","033042"
"301028","007010"
"301028","101000"
"301028","031002"
"301028","301023"
"301028","019007"
"301028","008040"
"301031","301001"
"301031","002001"
"301031","301011"
"301031","301012"
"301031","301022"
"301032","301001"
"301032","002001"
"301032","301011"
"301032","301012"
"301032","301024"
"301033","001005"
"301033","002001"
"301033","301011"
"301033","301012"
"301033","301021"
"301034","001005"
"301034","002001"
"301034","301011"
"301034","301012"
"301034","301023"
"301035","001005"
"301035","001012"
"301035","001013"
"301035","002001"
"301035","301011"
"301035","301012"
"301035","301023"
"301036","301003"
"301036","002001"
"301036","301011"
"301036","301012"
"301036","301023"
"301037","301001"
"301037","002011"
"301037","002012"
"301037","301011"
"301037","301012"
"301037","301022"
"301038","301001"
"301038","002011"
"301038","002012"
"301038","301011"
"301038","301012"
"301038","301024"
"301039","301003"
"301039","002011"
"301039","002012"
"301039","301011"
"301039","301012"
"301039","301023"
"301040","301003"
"301040","002011"
"301040","002012"
"301040","301011"
"301040","301012"
"301040","301024"
"301041","001007"
"301041","002021"
"301041","002022"
"301041","301011"
"301041","301012"
"301042","301041"
"301042","301021"
"301043","001007"
"301043","002023"
"301043","301011"
"301043","301013"
"301043","301021"
"301044","001007"
"301044","002024"
"301044","301011"
"301044","301013"
"301044","301021"
"301045","301011"
"301045","301012"
"301045","201138"
"301045","202131"
"301045","004006"
"301045","201000"
"301045","202000"
"301045","304030"
"301045","304031"
"301046","001007"
"301046","001012"
"301046","002048"
"301046","021119"
"301046","025060"
"301046","202124"
"301046","002026"
"301046","002027"
"301046","202000"
"301046","005040"
"301047","001007"
"301047","025060"
"301047","001033"
"301047","001034"
"301047","001012"
"301047","301045"
"301047","002021"
"301047","301011"
"301047","301012"
"301047","201138"
"301047","202131"
"301047","004006"
"301047","201000"
"301047","202000"
"301047","301023"
"301048","002104"
"301048","002121"
"301048","002113"
"301048","002026"
"301048","002027"
"301048","002111"
"301048","002140"
"301048","202127"
"301048","001013"
"301048","202126"
"301048","007001"
"301048","202000"
"301048","025010"
"301048","021064"
"301049","002111"
"301049","002112"
"301049","021062"
"301049","021063"
"301049","021065"
"301051","001006"
"301051","002061"
"301051","301011"
"301051","301012"
"301051","301021"
"301051","008004"
"301055","001005"
"301055","002001"
"301055","301011"
"301055","301012"
"301055","301021"
"301055","001012"
"301055","001014"
"301058","301011"
"301058","301012"
"301058","201152"
"301058","202135"
"301058","004006"
"301058","202000"
"301058","201000"
"301058","301021"
"301058","020111"
"301058","020112"
"301058","020113"
"301058","020114"
"301058","020115"
"301058","020116"
"301058","020117"
"301058","020118"
"301058","020119"
"301058","025035"
"301058","020121"
"301058","020122"
"301058","020123"
"301058","020124"
"301058","025175"
"301058","020023"
"301058","025063"
"301058","202136"
"301058","201136"
"301058","002121"
"301058","201000"
"301058","202000"
"301058","025061"
"301058","002184"
"301058","002189"
"301058","025036"
"301058","101000"
"301058","031002"
"301058","301059"
"301059","301021"
"301059","007030"
"301059","007032"
"301062","101000"
"301062","031001"
"301062","301001"
"301065","001006"
"301065","001008"
"301065","002001"
"301065","002002"
"301065","002005"
"301065","002062"
"301065","002070"
"301065","002065"
"301066","301011"
"301066","301013"
"301066","301023"
"301066","007004"
"301066","002064"
"301066","008004"
"301071","001007"
"301071","001031"
"301071","002020"
"301071","002028"
"301071","002029"
"301072","301071"
"301072","301011"
"301072","301013"
"301072","301021"
"301089","001101"
"301089","001102"
"301090","301004"
"301090","301011"
"301090","301012"
"301090","301021"
"301090","007030"
"301090","007031"
"301091","002180"
"301091","002181"
"301091","002182"
"301091","002183"
"301091","002184"
"301091","002179"
"301091","002186"
"301091","002187"
"301091","002188"
"301091","002189"
"301092","001011"
"301092","001003"
"301092","002001"
"301092","301011"
"301092","301012"
"301092","301021"
"301092","007030"
"301092","007031"
"301092","033024"
"301093","301036"
"301093","007030"
"301093","007031"
"301110","301001"
"301110","001011"
"301110","002011"
"301110","002014"
"301110","002003"
"301111","301001"
"301111","001011"
"301111","002011"
"301111","002013"
"301111","002014"
"301111","002003"
"301112","001006"
"301112","002011"
"301112","002013"
"301112","002014"
"301112","002003"
"301113","008021"
"301113","301011"
"301113","301013"
"301114","301021"
"301114","007030"
"301114","007031"
"301114","007007"
"301114","033024"
"301120","301001"
"301120","001094"
"301120","002011"
"301120","301121"
"301121","008041"
"301121","301122"
"301121","301021"
"301121","007031"
"301121","007007"
"301122","301011"
"301122","301012"
"301122","201135"
"301122","202130"
"301122","004006"
"301122","202000"
"301122","201000"
"301123","102002"
"301123","008041"
"301123","001062"
"301123","301001"
"301123","001094"
"301123","002011"
"301123","001018"
"301123","001095"
"301123","025061"
"301123","025068"
"301123","001082"
"301123","001083"
"301123","001081"
"301123","002067"
"301123","002066"
"301123","002014"
"301123","025067"
"301123","025065"
"301123","025066"
"301123","002095"
"301123","002096"
"301123","002097"
"301123","002016"
"301123","002083"
"301123","002080"
"301123","002081"
"301123","001093"
"301123","002084"
"301123","002085"
"301123","002086"
"301123","002082"
"301123","008041"
"301123","301011"
"301125","001033"
"301125","001034"
"301125","025060"
"301125","001007"
"301125","002019"
"301125","001012"
"301193","001007"
"301193","001031"
"301193","002196"
"301193","002221"
"301193","002222"
"301194","001194"
"301194","001012"
"301194","001013"
"301194","002011"
"301194","002012"
"301194","301011"
"301194","301012"
"301194","301023"
"301194","007001"
"301195","001195"
"301195","001012"
"301195","001013"
"301195","002011"
"301195","002012"
"301195","301011"
"301195","301012"
"301195","301023"
"301195","007001"
"301196","301003"
"301196","002011"
"301196","002012"
"301196","301011"
"301196","301012"
"301196","301023"
"301196","007001"
"301197","001006"
"301197","001008"
"301197","002061"
"301197","002062"
"301197","002002"
"301197","002005"
"301197","002070"
"301197","002063"
"301197","002001"
"301198","001011"
"301198","001012"
"301198","001013"
"301198","002011"
"301198","002012"
"301198","301011"
"301198","301012"
"301198","301023"
"301198","007001"
"301200","001032"
"301200","033194"
"301201","101003"
"301201","033193"
"301202","001031"
"301202","001032"
"301237","001007"
"301237","001012"
"301237","002021"
"301237","301011"
"301237","004004"
"301237","004005"
"301237","201138"
"301237","202131"
"301237","004006"
"301237","201000"
"301237","202000"
"301237","301023"
"301238","002104"
"301238","002121"
"301238","002113"
"301238","002026"
"301238","002027"
"301238","002111"
"301238","002192"
"301238","202127"
"301238","001013"
"301238","202126"
"301238","007001"
"301238","202000"
"301238","025010"
"301238","021194"
"301239","002111"
"301239","002112"
"301239","021192"
"301239","021193"
"301239","021195"
"301240","201131"
"301240","202129"
"301240","022021"
"301240","201000"
"301240","202000"
"301241","201141"
"301241","202130"
"301241","007001"
"301241","201000"
"301241","202000"
"301242","021207"
"301242","021208"
"301242","021209"
"301242","021210"
"301242","021211"
"301242","021212"
"301250","301193"
"301250","301011"
"301250","301013"
"301250","301021"
"302001","010004"
"302001","010051"
"302001","010061"
"302001","010063"
"302002","010004"
"302002","007004"
"302002","010003"
"302002","010061"
"302002","010063"
"302003","011011"
"302003","011012"
"302003","012004"
"302003","012006"
"302003","013003"
"302003","020001"
"302003","020003"
"302003","020004"
"302003","020005"
"302004","020010"
"302004","008002"
"302004","020011"
"302004","020013"
"302004","020012"
"302004","020012"
"302004","020012"
"302005","008002"
"302005","020011"
"302005","020012"
"302005","020013"
"302006","010004"
"302006","010051"
"302006","010062"
"302006","010063"
"302011","302001"
"302011","302003"
"302011","302004"
"302012","302002"
"302012","302003"
"302012","302004"
"302013","302006"
"302013","302003"
"302013","101000"
"302013","031001"
"302013","302005"
"302021","022001"
"302021","022011"
"302021","022021"
"302022","022002"
"302022","022012"
"302022","022022"
"302023","022003"
"302023","022013"
"302023","022023"
"302024","302022"
"302024","101002"
"302024","302023"
"302031","302001"
"302031","010062"
"302031","007004"
"302031","010009"
"302032","007032"
"302032","012101"
"302032","012103"
"302032","013003"
"302033","007032"
"302033","020001"
"302034","007032"
"302034","013023"
"302035","302032"
"302035","302033"
"302035","302034"
"302035","007032"
"302035","302004"
"302035","101000"
"302035","031001"
"302035","302005"
"302036","105000"
"302036","031001"
"302036","008002"
"302036","020011"
"302036","020012"
"302036","020014"
"302036","020017"
"302037","020062"
"302037","013013"
"302037","012113"
"302038","020003"
"302038","004024"
"302038","020004"
"302038","020005"
"302039","004024"
"302039","014031"
"302040","007032"
"302040","102002"
"302040","004024"
"302040","013011"
"302041","007032"
"302041","004024"
"302041","004024"
"302041","012111"
"302041","004024"
"302041","004024"
"302041","012112"
"302042","007032"
"302042","002002"
"302042","008021"
"302042","004025"
"302042","011001"
"302042","011002"
"302042","008021"
"302042","103002"
"302042","004025"
"302042","011043"
"302042","011041"
"302043","302038"
"302043","101002"
"302043","302039"
"302043","302040"
"302043","302041"
"302043","302042"
"302043","007032"
"302044","004024"
"302044","002004"
"302044","013033"
"302045","004024"
"302045","014002"
"302045","014004"
"302045","014016"
"302045","014028"
"302045","014029"
"302045","014030"
"302046","004024"
"302046","004024"
"302046","012049"
"302047","102003"
"302047","008002"
"302047","020054"
"302048","005021"
"302048","007021"
"302048","020012"
"302048","005021"
"302048","007021"
"302049","008002"
"302049","020011"
"302049","020013"
"302049","020012"
"302049","020012"
"302049","020012"
"302049","008002"
"302050","008041"
"302050","005021"
"302050","007005"
"302050","202130"
"302050","006021"
"302050","202000"
"302050","008041"
"302050","201131"
"302050","202129"
"302050","002115"
"302050","010004"
"302050","002115"
"302050","013003"
"302050","202000"
"302050","201000"
"302050","002115"
"302050","011001"
"302050","011002"
"302050","002115"
"302050","102002"
"302050","012101"
"302050","004024"
"302050","002115"
"302050","012103"
"302050","012102"
"302050","101003"
"302050","020012"
"302050","020011"
"302050","020013"
"302050","101002"
"302050","020003"
"302051","010004"
"302051","010051"
"302051","007004"
"302051","010003"
"302051","012004"
"302051","012051"
"302051","012016"
"302051","012017"
"302051","013004"
"302051","102004"
"302051","008051"
"302051","008020"
"302052","007032"
"302052","007033"
"302052","012101"
"302052","002039"
"302052","012102"
"302052","012103"
"302052","013003"
"302053","007032"
"302053","007033"
"302053","020001"
"302054","302052"
"302054","302053"
"302054","007033"
"302054","302034"
"302054","007032"
"302054","302004"
"302054","101000"
"302054","031001"
"302054","302005"
"302055","020031"
"302055","020032"
"302055","020033"
"302055","020034"
"302055","020035"
"302055","020036"
"302055","020037"
"302055","020038"
"302056","002038"
"302056","007063"
"302056","022043"
"302056","007063"
"302057","302056"
"302057","302021"
"302057","302024"
"302058","007032"
"302058","007033"
"302058","004024"
"302058","004024"
"302058","012111"
"302058","004024"
"302058","004024"
"302058","012112"
"302059","007032"
"302059","007033"
"302059","002002"
"302059","008021"
"302059","004025"
"302059","011001"
"302059","011002"
"302059","008021"
"302059","103002"
"302059","004025"
"302059","011043"
"302059","011041"
"302060","302038"
"302060","302040"
"302060","302058"
"302060","302059"
"302062","302001"
"302062","302052"
"302062","302053"
"302062","007033"
"302062","101000"
"302062","031000"
"302062","302034"
"302062","007032"
"302062","020010"
"302062","008002"
"302062","020013"
"302062","104000"
"302062","031000"
"302062","020011"
"302062","020012"
"302062","020012"
"302062","020012"
"302062","101000"
"302062","031001"
"302062","302005"
"302062","008002"
"302062","101000"
"302062","031000"
"302062","302055"
"302062","101000"
"302062","031000"
"302062","302056"
"302062","101000"
"302062","031000"
"302062","302021"
"302062","101000"
"302062","031000"
"302062","302024"
"302063","302038"
"302063","101000"
"302063","031000"
"302063","302040"
"302063","101000"
"302063","031000"
"302063","302058"
"302063","302064"
"302064","007032"
"302064","007033"
"302064","002002"
"302064","008021"
"302064","004025"
"302064","011001"
"302064","011002"
"302064","008021"
"302064","103000"
"302064","031001"
"302064","004025"
"302064","011043"
"302064","011041"
"302066","020023"
"302066","020024"
"302066","020027"
"302066","020054"
"302066","020023"
"302066","020027"
"302066","020054"
"302066","020025"
"302066","020026"
"302066","020027"
"302066","020040"
"302066","020066"
"302066","020027"
"302066","020021"
"302066","020067"
"302066","020027"
"302069","007032"
"302069","007033"
"302069","033041"
"302069","020001"
"302070","007032"
"302070","007033"
"302070","011001"
"302070","011002"
"302070","011043"
"302070","011041"
"302070","011016"
"302070","011017"
"302071","007032"
"302071","007033"
"302071","008021"
"302071","004025"
"302071","011001"
"302071","011002"
"302071","008021"
"302071","103002"
"302071","004025"
"302071","011043"
"302071","011041"
"302071","004025"
"302071","011016"
"302071","011017"
"302072","007032"
"302072","007033"
"302072","012101"
"302072","012103"
"302072","013003"
"302073","020010"
"302073","105004"
"302073","008002"
"302073","020011"
"302073","020012"
"302073","033041"
"302073","020013"
"302074","020003"
"302074","004025"
"302074","020004"
"302074","020005"
"302075","008021"
"302075","004025"
"302075","013055"
"302075","013058"
"302075","008021"
"302076","020021"
"302076","020022"
"302076","026020"
"302076","020023"
"302076","020024"
"302076","020025"
"302076","020026"
"302077","007032"
"302077","007033"
"302077","004025"
"302077","012111"
"302077","012112"
"302077","007032"
"302077","004025"
"302077","012112"
"302078","002176"
"302078","020062"
"302078","002177"
"302078","013013"
"302079","007032"
"302079","002175"
"302079","002178"
"302079","004025"
"302079","013011"
"302080","002185"
"302080","004025"
"302080","013033"
"302081","004025"
"302081","014031"
"302082","004025"
"302082","014002"
"302082","014004"
"302082","014016"
"302082","014028"
"302082","014029"
"302082","014030"
"302083","004025"
"302083","008023"
"302083","010004"
"302083","011001"
"302083","011002"
"302083","012101"
"302083","013003"
"302083","008023"
"302084","302031"
"302084","302072"
"302084","103000"
"302084","031000"
"302084","101005"
"302084","307063"
"302084","007061"
"302084","101000"
"302084","031000"
"302084","302069"
"302084","007032"
"302084","007033"
"302084","105000"
"302084","031000"
"302084","020031"
"302084","020032"
"302084","002038"
"302084","022043"
"302084","302021"
"302084","101000"
"302084","031000"
"302084","302078"
"302084","012113"
"302084","101000"
"302084","031000"
"302084","302004"
"302084","105000"
"302084","031001"
"302084","008002"
"302084","020011"
"302084","020012"
"302084","033041"
"302084","020013"
"302084","302036"
"302084","101000"
"302084","031000"
"302084","302047"
"302084","008002"
"302084","101000"
"302084","031000"
"302084","302048"
"302085","105000"
"302085","031000"
"302085","020003"
"302085","103002"
"302085","004024"
"302085","020004"
"302085","020005"
"302085","101000"
"302085","031000"
"302085","302175"
"302085","102000"
"302085","031000"
"302085","004025"
"302085","302076"
"302085","102000"
"302085","031000"
"302085","004025"
"302085","013059"
"302085","007032"
"302085","007033"
"302085","008021"
"302085","004025"
"302085","011001"
"302085","011002"
"302085","008021"
"302085","103003"
"302085","004025"
"302085","011043"
"302085","011041"
"302085","004025"
"302085","011016"
"302085","011017"
"302085","302077"
"302085","007033"
"302085","302041"
"302085","106000"
"302085","031000"
"302085","007032"
"302085","002175"
"302085","002178"
"302085","102005"
"302085","004024"
"302085","013011"
"302085","007032"
"302085","103000"
"302085","031000"
"302085","002185"
"302085","101002"
"302085","302044"
"302085","102000"
"302085","031000"
"302085","101002"
"302085","302039"
"302085","102000"
"302085","031000"
"302085","101002"
"302085","302045"
"302085","101000"
"302085","031000"
"302085","302046"
"302085","101000"
"302085","031000"
"302085","302083"
"302089","020101"
"302089","020102"
"302089","020103"
"302089","020104"
"302089","020105"
"302089","020106"
"302089","020107"
"302089","020108"
"302090","002038"
"302090","007063"
"302090","022045"
"302090","007063"
"302175","008021"
"302175","004025"
"302175","013155"
"302175","013058"
"302175","008021"
"302205","201131"
"302205","202129"
"302205","022021"
"302205","201000"
"302205","202000"
"302206","302205"
"302206","201130"
"302206","202129"
"302206","022011"
"302206","201000"
"302206","202000"
"302206","022001"
"302206","011001"
"302206","011002"
"302207","022193"
"302207","022194"
"302207","022195"
"302207","022196"
"302207","022197"
"302250","102000"
"302250","031001"
"302250","020193"
"302250","020194"
"302250","020012"
"303001","007003"
"303001","011001"
"303001","011002"
"303002","007004"
"303002","011001"
"303002","011002"
"303003","007004"
"303003","010003"
"303003","012001"
"303003","012003"
"303004","007004"
"303004","010003"
"303004","012001"
"303004","012003"
"303004","011001"
"303004","011002"
"303011","007003"
"303011","008001"
"303011","011001"
"303011","011002"
"303012","007004"
"303012","008001"
"303012","011001"
"303012","011002"
"303013","007004"
"303013","008001"
"303013","010003"
"303013","012001"
"303013","013003"
"303013","011001"
"303013","011002"
"303014","007004"
"303014","008001"
"303014","010003"
"303014","012001"
"303014","012003"
"303014","011001"
"303014","011002"
"303021","007004"
"303021","007004"
"303021","204007"
"303021","031021"
"303022","303021"
"303022","010003"
"303022","204000"
"303023","303021"
"303023","012001"
"303023","204000"
"303024","303021"
"303024","013016"
"303024","204000"
"303025","002025"
"303025","204007"
"303025","031021"
"303025","012063"
"303025","204000"
"303026","007004"
"303026","008003"
"303026","204007"
"303026","031021"
"303026","012001"
"303026","204000"
"303027","007004"
"303027","204007"
"303027","031021"
"303027","010003"
"303027","204000"
"303031","007004"
"303031","008003"
"303031","007021"
"303031","007022"
"303031","008012"
"303031","012061"
"303032","020011"
"303032","020016"
"303033","020010"
"303033","020016"
"303040","008041"
"303040","004025"
"303040","004026"
"303040","301021"
"303040","301122"
"303040","201131"
"303040","202129"
"303040","025069"
"303040","007004"
"303040","013003"
"303040","202000"
"303040","201000"
"303040","002013"
"303040","012101"
"303040","010009"
"303040","102002"
"303040","008040"
"303040","035035"
"303041","002152"
"303041","002023"
"303041","007004"
"303041","011001"
"303041","011002"
"303041","002153"
"303041","002154"
"303041","012071"
"303050","004086"
"303050","008042"
"303050","007004"
"303050","005015"
"303050","006015"
"303050","011001"
"303050","011002"
"303051","004086"
"303051","008042"
"303051","007004"
"303051","005015"
"303051","006015"
"303051","011061"
"303051","011062"
"303052","004086"
"303052","008042"
"303052","007009"
"303052","005015"
"303052","006015"
"303052","011001"
"303052","011002"
"303053","004086"
"303053","008042"
"303053","007009"
"303053","005015"
"303053","006015"
"303053","011061"
"303053","011062"
"303054","004086"
"303054","008042"
"303054","007004"
"303054","010009"
"303054","005015"
"303054","006015"
"303054","012101"
"303054","012103"
"303054","011001"
"303054","011002"
"303055","004086"
"303055","008042"
"303055","007009"
"303055","005015"
"303055","006015"
"303055","012101"
"303055","013009"
"303055","012103"
"303055","011001"
"303055","011002"
"303249","002252"
"303249","104000"
"303249","031001"
"303249","002199"
"303249","007004"
"303249","007004"
"303249","013003"
"303250","002252"
"303250","002023"
"303250","007004"
"303250","011001"
"303250","011002"
"303250","002197"
"303250","002198"
"303250","012193"
"303251","002252"
"303251","105000"
"303251","031001"
"303251","002254"
"303251","002251"
"303251","002197"
"303251","002198"
"303251","012063"
"303252","002252"
"303252","105000"
"303252","031001"
"303252","002254"
"303252","002251"
"303252","002197"
"303252","002198"
"303252","012194"
"304001","008003"
"304001","010004"
"304001","012001"
"304001","011001"
"304001","011002"
"304002","008003"
"304002","010004"
"304002","011001"
"304002","011002"
"304003","008003"
"304003","012001"
"304004","008003"
"304004","010004"
"304004","020010"
"304004","012001"
"304005","002024"
"304005","007004"
"304005","007004"
"304005","013003"
"304006","014001"
"304006","014001"
"304006","014003"
"304011","002163"
"304011","002164"
"304011","008012"
"304011","007024"
"304011","002057"
"304011","008021"
"304011","004001"
"304011","004002"
"304011","004003"
"304011","004004"
"304011","008021"
"304011","004024"
"304011","110004"
"304011","008021"
"304011","004004"
"304011","004005"
"304011","004006"
"304011","008021"
"304011","004004"
"304011","004005"
"304011","004006"
"304011","011001"
"304011","011002"
"304011","103010"
"304011","002163"
"304011","007004"
"304011","012001"
"304030","027031"
"304030","028031"
"304030","010031"
"304031","001041"
"304031","001042"
"304031","001043"
"304032","002153"
"304032","002154"
"304032","020081"
"304032","020082"
"304032","020012"
"304033","002152"
"304033","002166"
"304033","002167"
"304033","002153"
"304033","002154"
"304033","012075"
"304033","012076"
"304033","012063"
"304034","102004"
"304034","027001"
"304034","028001"
"304034","007022"
"304034","005043"
"304034","020010"
"304034","020016"
"304034","033003"
"304034","010040"
"304035","002153"
"304035","002154"
"304035","012063"
"304035","008011"
"304035","012063"
"304035","008011"
"304035","012063"
"304035","008011"
"304035","008003"
"304035","012063"
"304035","008003"
"304035","012063"
"304035","008003"
"304035","012063"
"304035","008003"
"304036","020082"
"304036","008012"
"304036","020082"
"304036","008012"
"304036","020081"
"304036","008003"
"304036","020081"
"304036","008003"
"304036","020081"
"304036","008003"
"304036","020081"
"304036","008003"
"304037","002153"
"304037","002154"
"304037","012063"
"304037","008011"
"304037","012063"
"304037","008011"
"304037","012063"
"304037","008011"
"304037","008003"
"304037","012063"
"304037","008003"
"304037","012063"
"304037","008003"
"304037","012063"
"304228","005217"
"304228","006217"
"304228","007217"
"304229","001208"
"304229","001209"
"304229","001210"
"304250","002231"
"304250","002232"
"304250","008012"
"304250","007024"
"304250","002057"
"304250","008021"
"304250","004001"
"304250","004002"
"304250","004003"
"304250","004004"
"304250","008021"
"304250","004024"
"304250","110004"
"304250","008021"
"304250","004004"
"304250","004005"
"304250","004006"
"304250","008021"
"304250","004004"
"304250","004005"
"304250","004006"
"304250","011001"
"304250","011002"
"304250","103010"
"304250","002231"
"304250","007004"
"304250","012001"
"305006","013072"
"305006","013082"
"305006","013019"
"305006","012001"
"305006","013073"
"305006","013060"
"305008","305006"
"305008","012030"
"306001","002032"
"306001","102000"
"306001","031001"
"306001","007062"
"306001","022042"
"306002","002031"
"306002","022004"
"306002","022031"
"306003","002002"
"306003","011011"
"306003","011012"
"306003","012004"
"306004","002032"
"306004","002033"
"306004","103000"
"306004","031001"
"306004","007062"
"306004","022043"
"306004","022062"
"306005","002031"
"306005","103000"
"306005","031001"
"306005","007062"
"306005","022004"
"306005","022031"
"306006","306003"
"306006","306002"
"306006","022063"
"306007","001012"
"306007","001014"
"306007","306008"
"306007","004024"
"306007","027003"
"306007","028003"
"306008","002034"
"306008","002035"
"306008","002036"
"306011","301021"
"306011","001075"
"306011","002147"
"306011","301011"
"306011","301013"
"306012","002007"
"306012","008015"
"306012","008032"
"306012","306029"
"306013","306012"
"306013","301011"
"306013","301013"
"306013","022120"
"306013","022121"
"306013","004015"
"306013","004065"
"306013","102000"
"306013","031001"
"306013","022038"
"306013","022040"
"306014","306012"
"306014","301011"
"306014","301013"
"306014","022120"
"306014","022121"
"306014","004015"
"306014","004065"
"306014","101000"
"306014","031001"
"306014","022038"
"306016","301011"
"306016","301013"
"306016","010004"
"306016","010051"
"306016","302032"
"306019","001075"
"306019","301011"
"306019","301012"
"306019","022042"
"306019","022120"
"306019","022121"
"306019","004015"
"306019","004065"
"306023","001015"
"306023","301023"
"306023","301011"
"306023","301012"
"306023","022038"
"306023","022039"
"306023","022120"
"306023","022121"
"306027","001005"
"306027","001052"
"306027","002047"
"306027","301011"
"306027","301013"
"306028","306027"
"306028","301011"
"306028","301013"
"306028","301021"
"306029","025170"
"306029","025171"
"306029","025172"
"306030","306027"
"306030","306029"
"306030","111000"
"306030","031001"
"306030","033002"
"306030","301011"
"306030","301013"
"306030","025025"
"306030","025025"
"306030","025026"
"306030","022185"
"306030","004015"
"306030","004065"
"306030","101004"
"306030","022182"
"306031","306027"
"306031","306029"
"306031","001053"
"306031","033002"
"306031","301011"
"306031","301013"
"306031","301011"
"306031","301013"
"306031","022185"
"306031","022182"
"306031","004016"
"306031","004066"
"306031","101000"
"306031","031001"
"306031","022184"
"306032","002032"
"306032","002033"
"306032","103000"
"306032","031001"
"306032","007062"
"306032","022043"
"306032","022062"
"306032","022066"
"307001","301031"
"307001","302011"
"307002","301032"
"307002","302011"
"307003","307001"
"307003","101000"
"307003","031001"
"307003","302005"
"307004","307002"
"307004","101000"
"307004","031001"
"307004","302005"
"307005","307001"
"307005","101004"
"307005","302005"
"307006","307002"
"307006","101004"
"307006","302005"
"307007","301031"
"307007","302012"
"307008","301032"
"307008","302012"
"307009","301031"
"307009","302013"
"307011","001063"
"307011","002001"
"307011","301011"
"307011","301012"
"307011","301024"
"307011","007006"
"307011","011001"
"307011","011016"
"307011","011017"
"307011","011002"
"307011","011041"
"307011","007006"
"307011","012001"
"307011","012003"
"307011","010052"
"307011","020009"
"307012","103000"
"307012","031001"
"307012","008023"
"307012","005021"
"307012","020001"
"307013","106000"
"307013","031001"
"307013","001064"
"307013","008014"
"307013","020061"
"307013","008014"
"307013","020061"
"307013","020018"
"307014","101000"
"307014","031001"
"307014","020019"
"307015","101000"
"307015","031001"
"307015","302005"
"307015","020002"
"307016","101000"
"307016","031001"
"307016","020020"
"307017","101000"
"307017","031001"
"307017","011070"
"307018","008016"
"307018","102000"
"307018","031001"
"307018","008017"
"307018","301012"
"307018","104000"
"307018","031001"
"307018","007006"
"307018","011001"
"307018","011002"
"307018","011041"
"307018","020009"
"307018","101000"
"307018","031001"
"307018","020001"
"307018","307014"
"307020","307011"
"307020","307014"
"307020","307016"
"307021","307011"
"307021","307012"
"307021","307013"
"307021","307014"
"307021","307015"
"307021","307016"
"307021","307017"
"307021","307018"
"307021","307015"
"307022","001015"
"307022","301011"
"307022","301012"
"307022","301022"
"307022","008021"
"307022","004025"
"307022","010004"
"307022","012001"
"307022","013003"
"307022","033038"
"307022","008022"
"307022","106025"
"307022","002020"
"307022","001050"
"307022","005021"
"307022","007021"
"307022","015031"
"307022","015032"
"307022","008060"
"307022","015033"
"307022","015034"
"307022","008060"
"307022","015033"
"307022","015034"
"307022","015035"
"307022","201131"
"307022","202129"
"307022","013016"
"307022","202000"
"307022","201000"
"307022","015011"
"307045","001063"
"307045","008079"
"307045","002001"
"307045","301011"
"307045","301012"
"307045","301023"
"307045","007030"
"307045","007031"
"307045","007032"
"307045","011001"
"307045","011016"
"307045","011017"
"307045","008054"
"307045","011083"
"307045","011084"
"307045","011002"
"307045","008054"
"307045","011085"
"307045","011086"
"307045","011041"
"307045","008054"
"307045","007032"
"307045","012023"
"307045","012024"
"307045","007032"
"307045","010052"
"307045","020009"
"307046","020060"
"307046","102000"
"307046","031001"
"307046","005021"
"307046","020059"
"307047","105000"
"307047","031001"
"307047","008002"
"307047","020011"
"307047","020012"
"307047","020013"
"307047","020092"
"307047","020002"
"307047","020091"
"307048","008016"
"307048","102000"
"307048","031001"
"307048","008017"
"307048","301012"
"307048","112000"
"307048","031000"
"307048","007032"
"307048","011001"
"307048","008054"
"307048","011083"
"307048","011084"
"307048","011002"
"307048","008054"
"307048","011085"
"307048","011086"
"307048","011041"
"307048","008054"
"307048","007032"
"307048","020009"
"307048","101000"
"307048","031000"
"307048","020060"
"307048","307014"
"307048","307047"
"307049","102000"
"307049","031000"
"307049","022043"
"307049","022021"
"307050","101000"
"307050","031000"
"307050","020085"
"307050","102000"
"307050","031001"
"307050","001064"
"307050","020085"
"307050","105000"
"307050","031001"
"307050","001064"
"307050","020086"
"307050","020087"
"307050","020088"
"307050","020089"
"307051","307045"
"307051","307046"
"307051","307013"
"307051","307014"
"307051","307047"
"307051","307016"
"307051","307017"
"307051","307049"
"307051","307050"
"307051","101000"
"307051","031001"
"307051","307048"
"307052","001063"
"307052","008039"
"307052","301011"
"307052","301012"
"307052","008079"
"307052","008039"
"307052","301011"
"307052","301012"
"307052","008039"
"307052","301011"
"307052","301012"
"307052","301023"
"307052","007030"
"307052","007031"
"307053","007032"
"307053","011001"
"307053","008054"
"307053","011083"
"307053","011084"
"307053","011002"
"307053","008054"
"307053","011085"
"307053","011086"
"307053","011041"
"307053","008054"
"307053","007032"
"307053","020009"
"307053","020060"
"307053","307014"
"307053","307047"
"307054","007032"
"307054","008039"
"307054","004003"
"307054","004004"
"307054","008023"
"307054","012023"
"307054","008039"
"307054","004003"
"307054","004004"
"307054","008023"
"307054","012023"
"307054","008023"
"307054","007032"
"307055","033045"
"307055","008016"
"307055","008039"
"307055","004003"
"307055","301012"
"307055","008039"
"307055","004003"
"307055","301012"
"307055","307053"
"307056","307052"
"307056","307053"
"307056","307054"
"307056","101000"
"307056","031001"
"307056","307055"
"307063","007061"
"307063","012130"
"307071","301090"
"307071","004074"
"307071","004023"
"307071","008023"
"307071","010004"
"307071","010051"
"307071","007004"
"307071","010009"
"307071","007032"
"307071","012101"
"307071","002051"
"307071","004051"
"307071","012118"
"307071","004052"
"307071","012119"
"307071","013004"
"307071","008023"
"307071","012151"
"307071","007032"
"307071","102005"
"307071","008050"
"307071","008020"
"307071","014032"
"307071","014033"
"307071","008050"
"307071","008020"
"307071","102018"
"307071","008052"
"307071","008022"
"307071","007032"
"307071","008053"
"307071","004003"
"307071","012152"
"307071","008053"
"307071","004003"
"307071","012153"
"307071","008053"
"307071","004003"
"307071","008023"
"307071","012101"
"307071","008053"
"307071","004003"
"307071","008023"
"307071","012101"
"307071","008023"
"307071","007032"
"307071","002002"
"307071","008053"
"307071","004003"
"307071","011046"
"307071","008053"
"307071","004003"
"307071","004004"
"307071","004023"
"307071","007032"
"307071","013060"
"307071","013051"
"307071","004053"
"307071","008050"
"307071","008020"
"307071","102006"
"307071","008052"
"307071","008022"
"307071","008053"
"307071","004003"
"307071","013052"
"307071","007032"
"307072","004001"
"307072","004001"
"307072","004002"
"307072","004003"
"307072","004004"
"307072","004074"
"307072","004022"
"307072","008023"
"307072","010004"
"307072","010051"
"307072","007004"
"307072","010009"
"307072","007032"
"307072","012101"
"307072","002051"
"307072","004051"
"307072","012118"
"307072","004052"
"307072","012119"
"307072","013004"
"307072","012151"
"307072","007032"
"307072","014032"
"307072","008023"
"307072","004001"
"307072","004001"
"307072","004002"
"307072","004003"
"307072","004004"
"307072","004022"
"307072","007032"
"307072","008023"
"307072","013060"
"307072","004053"
"307072","008023"
"307072","102008"
"307072","008050"
"307072","008020"
"307073","307071"
"307073","307072"
"307079","301090"
"307079","302031"
"307079","302035"
"307079","302036"
"307079","101000"
"307079","031000"
"307079","302047"
"307079","008002"
"307079","101000"
"307079","031000"
"307079","302048"
"307079","302037"
"307079","102000"
"307079","031000"
"307079","022061"
"307079","020058"
"307079","101000"
"307079","031000"
"307079","302056"
"307079","101000"
"307079","031000"
"307079","302055"
"307079","302043"
"307079","302044"
"307079","101000"
"307079","031001"
"307079","302045"
"307079","101000"
"307079","031000"
"307079","302046"
"307080","301090"
"307080","302031"
"307080","302035"
"307080","302036"
"307080","302047"
"307080","008002"
"307080","302048"
"307080","302037"
"307080","302043"
"307080","302044"
"307080","101002"
"307080","302045"
"307080","302046"
"307081","301090"
"307081","302031"
"307081","302035"
"307081","302036"
"307081","302047"
"307081","008002"
"307081","302048"
"307081","302037"
"307081","012122"
"307081","013056"
"307081","013057"
"307081","020101"
"307081","020102"
"307081","020103"
"307081","020104"
"307081","020105"
"307081","020106"
"307081","020107"
"307081","020108"
"307081","302043"
"307081","302044"
"307081","101002"
"307081","302045"
"307081","302046"
"307082","301090"
"307082","302031"
"307082","302035"
"307082","302036"
"307082","302047"
"307082","008002"
"307082","302048"
"307082","302037"
"307082","012121"
"307082","012122"
"307082","302043"
"307082","302044"
"307082","101002"
"307082","302045"
"307082","302046"
"307083","301090"
"307083","302031"
"307083","302035"
"307083","302036"
"307083","302047"
"307083","008002"
"307083","302048"
"307083","302037"
"307083","012122"
"307083","302043"
"307083","302044"
"307083","101002"
"307083","302045"
"307083","302046"
"307084","301090"
"307084","302031"
"307084","302035"
"307084","302036"
"307084","302047"
"307084","008002"
"307084","302048"
"307084","302037"
"307084","020055"
"307084","101000"
"307084","031001"
"307084","205001"
"307084","302043"
"307084","302044"
"307084","101002"
"307084","302045"
"307084","302046"
"307086","301090"
"307086","302031"
"307086","302035"
"307086","302036"
"307086","008002"
"307086","302037"
"307086","302066"
"307086","302043"
"307086","302044"
"307086","101002"
"307086","302045"
"307090","301092"
"307090","302031"
"307090","302035"
"307090","302036"
"307090","302047"
"307090","008002"
"307090","302048"
"307090","302037"
"307090","302043"
"307090","302044"
"307090","101002"
"307090","302045"
"307090","302046"
"307091","301089"
"307091","301090"
"307091","008010"
"307091","301091"
"307091","302001"
"307091","007004"
"307091","010009"
"307091","302072"
"307091","103000"
"307091","031000"
"307091","101005"
"307091","307063"
"307091","007061"
"307091","101000"
"307091","031000"
"307091","302069"
"307091","007032"
"307091","007033"
"307091","105000"
"307091","031000"
"307091","020031"
"307091","020032"
"307091","002038"
"307091","022043"
"307091","302021"
"307091","101000"
"307091","031000"
"307091","302078"
"307091","101000"
"307091","031000"
"307091","302073"
"307091","101000"
"307091","031000"
"307091","302074"
"307091","101000"
"307091","031000"
"307091","302175"
"307091","102000"
"307091","031000"
"307091","004025"
"307091","302076"
"307091","302071"
"307091","302077"
"307091","007033"
"307091","101000"
"307091","031000"
"307091","302079"
"307091","007032"
"307091","101000"
"307091","031000"
"307091","302080"
"307091","101000"
"307091","031000"
"307091","302081"
"307091","101000"
"307091","031000"
"307091","302082"
"307091","102000"
"307091","031000"
"307091","004025"
"307091","013059"
"307091","101000"
"307091","031000"
"307091","302083"
"307091","033005"
"307091","033006"
"307092","301089"
"307092","301090"
"307092","008010"
"307092","301091"
"307092","004015"
"307092","004065"
"307092","125000"
"307092","031001"
"307092","010004"
"307092","302070"
"307092","302072"
"307092","007032"
"307092","012101"
"307092","103000"
"307092","031000"
"307092","101005"
"307092","307063"
"307092","007061"
"307092","101000"
"307092","031000"
"307092","302069"
"307092","007032"
"307092","007033"
"307092","101000"
"307092","031000"
"307092","302073"
"307092","101000"
"307092","031000"
"307092","302076"
"307092","102000"
"307092","031000"
"307092","013155"
"307092","013058"
"307092","102000"
"307092","031000"
"307092","020031"
"307092","020032"
"307092","101000"
"307092","031000"
"307092","302078"
"307092","102000"
"307092","031000"
"307092","302079"
"307092","007032"
"307092","101000"
"307092","031000"
"307092","302080"
"307092","101000"
"307092","031000"
"307092","302081"
"307092","101000"
"307092","031000"
"307092","302082"
"307092","102000"
"307092","031000"
"307092","004025"
"307092","013059"
"307092","101000"
"307092","031000"
"307092","302083"
"307092","033005"
"307092","033006"
"307093","223000"
"307093","236000"
"307093","101000"
"307093","031001"
"307093","031031"
"307093","001033"
"307093","001032"
"307093","008083"
"307093","101000"
"307093","031001"
"307093","223255"
"307093","108000"
"307093","031001"
"307093","223000"
"307093","237000"
"307093","001033"
"307093","001032"
"307093","008083"
"307093","101000"
"307093","031001"
"307093","223255"
"307096","301090"
"307096","301089"
"307096","008010"
"307096","301091"
"307096","302084"
"307096","302085"
"307096","033005"
"307096","033006"
"308001","301033"
"308001","302011"
"308001","022042"
"308002","301034"
"308002","302011"
"308002","022042"
"308003","301035"
"308003","302011"
"308003","022042"
"308004","301036"
"308004","302011"
"308004","022042"
"308005","308004"
"308005","302024"
"308006","010004"
"308006","010061"
"308006","010063"
"308006","011001"
"308006","011002"
"308006","012004"
"308006","013003"
"308006","022042"
"308007","301055"
"308007","302011"
"308007","007062"
"308007","022042"
"308008","301093"
"308008","302062"
"308008","302063"
"308009","301093"
"308009","302001"
"308009","302054"
"308009","008002"
"308009","302055"
"308009","302057"
"308009","302060"
"308010","001011"
"308010","113000"
"308010","031001"
"308010","301011"
"308010","301012"
"308010","301021"
"308010","004080"
"308010","022049"
"308010","004080"
"308010","022059"
"308010","004080"
"308010","022005"
"308010","002042"
"308010","022032"
"308010","002042"
"308010","004080"
"308011","001011"
"308011","002001"
"308011","301011"
"308011","301012"
"308011","301023"
"308011","007030"
"308011","007031"
"308011","004074"
"308011","004023"
"308011","008023"
"308011","010051"
"308011","007032"
"308011","007033"
"308011","012101"
"308011","013004"
"308011","007032"
"308011","007033"
"308011","302056"
"308011","008023"
"308011","004003"
"308011","004004"
"308011","004023"
"308011","007032"
"308011","013060"
"308011","013051"
"308011","004053"
"308011","007032"
"308012","004001"
"308012","004001"
"308012","004002"
"308012","004003"
"308012","004004"
"308012","004074"
"308012","004022"
"308012","008023"
"308012","010051"
"308012","007032"
"308012","007033"
"308012","012101"
"308012","013004"
"308012","007032"
"308012","007033"
"308012","302056"
"308012","008023"
"308012","004001"
"308012","004001"
"308012","004002"
"308012","004003"
"308012","004004"
"308012","004022"
"308012","007032"
"308012","008023"
"308012","013060"
"308012","004053"
"308012","008023"
"308013","308011"
"308013","308012"
"308014","301093"
"308014","302062"
"308014","302063"
"309001","301037"
"309001","101000"
"309001","031001"
"309001","303011"
"309002","301038"
"309002","101000"
"309002","031001"
"309002","303011"
"309003","301037"
"309003","101000"
"309003","031001"
"309003","303012"
"309004","301038"
"309004","101000"
"309004","031001"
"309004","303012"
"309005","301037"
"309005","302004"
"309005","101000"
"309005","031001"
"309005","303013"
"309006","301038"
"309006","302004"
"309006","101000"
"309006","031001"
"309006","303013"
"309007","301037"
"309007","302004"
"309007","101000"
"309007","031001"
"309007","303014"
"309008","301038"
"309008","302004"
"309008","101000"
"309008","031001"
"309008","303014"
"309011","301039"
"309011","101000"
"309011","031001"
"309011","303011"
"309012","301039"
"309012","101000"
"309012","031001"
"309012","303012"
"309013","301039"
"309013","302004"
"309013","101000"
"309013","031001"
"309013","303013"
"309014","301039"
"309014","302004"
"309014","101000"
"309014","031001"
"309014","303014"
"309015","301040"
"309015","101000"
"309015","031001"
"309015","303011"
"309016","301040"
"309016","101000"
"309016","031001"
"309016","303012"
"309017","301040"
"309017","302004"
"309017","101000"
"309017","031001"
"309017","303013"
"309018","301040"
"309018","302004"
"309018","101000"
"309018","031001"
"309018","303014"
"309019","301031"
"309019","002003"
"309019","101000"
"309019","031001"
"309019","303011"
"309020","301031"
"309020","002003"
"309020","104000"
"309020","031001"
"309020","007003"
"309020","011003"
"309020","011004"
"309020","011005"
"309030","015004"
"309030","015005"
"309030","104000"
"309030","031001"
"309030","004015"
"309030","008006"
"309030","007004"
"309030","015003"
"309031","015004"
"309031","015005"
"309031","104000"
"309031","031001"
"309031","004025"
"309031","008006"
"309031","007004"
"309031","015003"
"309050","301110"
"309050","301113"
"309050","301114"
"309050","101000"
"309050","031002"
"309050","303050"
"309050","101000"
"309050","031001"
"309050","303051"
"309051","301110"
"309051","301113"
"309051","301114"
"309051","101000"
"309051","031002"
"309051","303052"
"309051","101000"
"309051","031001"
"309051","303053"
"309052","301111"
"309052","301113"
"309052","301114"
"309052","302049"
"309052","022043"
"309052","101000"
"309052","031002"
"309052","303054"
"309052","101000"
"309052","031001"
"309052","303051"
"309053","301112"
"309053","301113"
"309053","301114"
"309053","101000"
"309053","031002"
"309053","303054"
"309053","101000"
"309053","031001"
"309053","303051"
"309054","301001"
"309054","001011"
"309054","301011"
"309054","301012"
"309054","301021"
"309054","007030"
"309054","007031"
"309054","007007"
"309054","004023"
"309054","004059"
"309054","115000"
"309054","031001"
"309054","008001"
"309054","008023"
"309054","007004"
"309054","010009"
"309054","012101"
"309054","012103"
"309054","008023"
"309054","011001"
"309054","011002"
"309054","008023"
"309054","011019"
"309054","008050"
"309054","008020"
"309054","008050"
"309054","008020"
"309060","301123"
"309060","301121"
"309060","302050"
"309060","303040"
"309061","301120"
"309061","008041"
"309061","301122"
"309061","201131"
"309061","202129"
"309061","025069"
"309061","007004"
"309061","202000"
"309061","201000"
"309061","033007"
"309061","033035"
"309061","033015"
"309061","013009"
"309061","033007"
"309061","033035"
"309061","033015"
"309061","002013"
"309061","012101"
"309061","033007"
"309061","033035"
"309061","033015"
"309062","301120"
"309062","008041"
"309062","301122"
"309062","005001"
"309062","033035"
"309062","033015"
"309062","006001"
"309062","033035"
"309062","033015"
"309062","007007"
"309062","033035"
"309062","033015"
"309062","011003"
"309062","033035"
"309062","033015"
"309062","011004"
"309062","033035"
"309062","033015"
"309062","033007"
"309063","301120"
"309063","008041"
"309063","301122"
"309063","005001"
"309063","033035"
"309063","033015"
"309063","006001"
"309063","033035"
"309063","033015"
"309063","007007"
"309063","033035"
"309063","033015"
"309063","011003"
"309063","033035"
"309063","033015"
"309063","011004"
"309063","033035"
"309063","033015"
"309063","033007"
"309064","301120"
"309064","008041"
"309064","301122"
"309064","201131"
"309064","202129"
"309064","104002"
"309064","025069"
"309064","007004"
"309064","033035"
"309064","033015"
"309064","013003"
"309064","033035"
"309064","033015"
"309064","202000"
"309064","201000"
"309064","104002"
"309064","002013"
"309064","012101"
"309064","033035"
"309064","033015"
"309064","012103"
"309064","033035"
"309064","033015"
"309064","010009"
"309064","033035"
"309064","033015"
"309065","301120"
"309065","008041"
"309065","301122"
"309065","005001"
"309065","033035"
"309065","033015"
"309065","006001"
"309065","033035"
"309065","033015"
"309065","007007"
"309065","033035"
"309065","033015"
"309065","011003"
"309065","033035"
"309065","033015"
"309065","011004"
"309065","033035"
"309065","033015"
"309066","301120"
"309066","008041"
"309066","301122"
"309066","008040"
"309066","201131"
"309066","202129"
"309066","025069"
"309066","007004"
"309066","013003"
"309066","202000"
"309066","201000"
"309066","002013"
"309066","012101"
"309066","012103"
"309066","010009"
"309066","010007"
"309066","011002"
"309066","011001"
"309070","001035"
"309070","001032"
"309070","001015"
"309070","001062"
"309070","301001"
"309070","301021"
"309070","207001"
"309070","010001"
"309070","207000"
"309070","301011"
"309070","301012"
"309070","008086"
"309070","007030"
"309070","025031"
"309070","008021"
"309070","004014"
"309070","010004"
"309070","010051"
"309070","010009"
"309070","020010"
"309070","013095"
"309070","128000"
"309070","031002"
"309070","113000"
"309070","031000"
"309070","008086"
"309070","007004"
"309070","011001"
"309070","011002"
"309070","012101"
"309070","012102"
"309070","012103"
"309070","010009"
"309070","103000"
"309070","031000"
"309070","011022"
"309070","011021"
"309070","011005"
"309070","104000"
"309070","031000"
"309070","008086"
"309070","007006"
"309070","011001"
"309070","011002"
"309070","105000"
"309070","031000"
"309070","008086"
"309070","007006"
"309070","012101"
"309070","012102"
"309070","012103"
"309194","301194"
"309194","302004"
"309194","101000"
"309194","031001"
"309194","303014"
"309195","301195"
"309195","302004"
"309195","101000"
"309195","031001"
"309195","303014"
"309196","301196"
"309196","302004"
"309196","101000"
"309196","031001"
"309196","303014"
"309198","301198"
"309198","302004"
"309198","101000"
"309198","031001"
"309198","303014"
"310001","301042"
"310001","303031"
"310001","303032"
"310001","101026"
"310001","303025"
"310002","301042"
"310002","303031"
"310002","303032"
"310002","101009"
"310002","303023"
"310003","301042"
"310003","303031"
"310003","303032"
"310003","101006"
"310003","303023"
"310004","301042"
"310004","303031"
"310004","303032"
"310004","101003"
"310004","303024"
"310005","301042"
"310005","303031"
"310005","303033"
"310005","101000"
"310005","031001"
"310005","303025"
"310006","301042"
"310006","303031"
"310006","303033"
"310006","101000"
"310006","031001"
"310006","303023"
"310007","301042"
"310007","303031"
"310007","303033"
"310007","101000"
"310007","031001"
"310007","303024"
"310008","310011"
"310008","101019"
"310008","310012"
"310008","002150"
"310008","025079"
"310008","025080"
"310008","033032"
"310008","014045"
"310009","310011"
"310009","101015"
"310009","310012"
"310010","310011"
"310010","101005"
"310010","310012"
"310011","008070"
"310011","001033"
"310011","001034"
"310011","008070"
"310011","001033"
"310011","001034"
"310011","001007"
"310011","002048"
"310011","005040"
"310011","025075"
"310011","201133"
"310011","005041"
"310011","201000"
"310011","005043"
"310011","025070"
"310011","033030"
"310011","033031"
"310011","004001"
"310011","004002"
"310011","004003"
"310011","004004"
"310011","004005"
"310011","202131"
"310011","201138"
"310011","004006"
"310011","201000"
"310011","202000"
"310011","005001"
"310011","006001"
"310011","202126"
"310011","007001"
"310011","202000"
"310011","007024"
"310011","005021"
"310011","007025"
"310011","005022"
"310011","033033"
"310011","002151"
"310011","012064"
"310011","002151"
"310011","012064"
"310011","002151"
"310011","012064"
"310011","002151"
"310011","012064"
"310012","002150"
"310012","025076"
"310012","025077"
"310012","025078"
"310012","033032"
"310012","201132"
"310012","202129"
"310012","012063"
"310012","202000"
"310012","201000"
"310013","001007"
"310013","005040"
"310013","004001"
"310013","004002"
"310013","004003"
"310013","004004"
"310013","004005"
"310013","004006"
"310013","005001"
"310013","006001"
"310013","007025"
"310013","005043"
"310013","025085"
"310013","201131"
"310013","202129"
"310013","002150"
"310013","008023"
"310013","008072"
"310013","014027"
"310013","008072"
"310013","014027"
"310013","002150"
"310013","008023"
"310013","008072"
"310013","014027"
"310013","008072"
"310013","014027"
"310013","002150"
"310013","008023"
"310013","008072"
"310013","014027"
"310013","008072"
"310013","014027"
"310013","202000"
"310013","201000"
"310013","201132"
"310013","202129"
"310013","002150"
"310013","008023"
"310013","008072"
"310013","012063"
"310013","008072"
"310013","012063"
"310013","002150"
"310013","008023"
"310013","008072"
"310013","012063"
"310013","008072"
"310013","012063"
"310013","008023"
"310013","008072"
"310013","012063"
"310013","008072"
"310013","012063"
"310013","002150"
"310013","008023"
"310013","008072"
"310013","012063"
"310013","008072"
"310013","012063"
"310013","202000"
"310013","201000"
"310014","301072"
"310014","303041"
"310014","304011"
"310015","301072"
"310015","007024"
"310015","010002"
"310015","303041"
"310015","101003"
"310015","304032"
"310015","002152"
"310015","002024"
"310015","007004"
"310015","007004"
"310015","013003"
"310015","101003"
"310015","304033"
"310016","301072"
"310016","007024"
"310016","010002"
"310016","303041"
"310016","101012"
"310016","304032"
"310016","002152"
"310016","002024"
"310016","007004"
"310016","007004"
"310016","013003"
"310016","101012"
"310016","304033"
"310018","001007"
"310018","005040"
"310018","004001"
"310018","004043"
"310018","004004"
"310018","004005"
"310018","004006"
"310018","207002"
"310018","026030"
"310018","207000"
"310018","005002"
"310018","006002"
"310018","033072"
"310018","007025"
"310018","005022"
"310018","207002"
"310018","015001"
"310018","207000"
"310018","008003"
"310018","207001"
"310018","010004"
"310018","207000"
"310018","008003"
"310018","008003"
"310018","033042"
"310018","207001"
"310018","007004"
"310018","207000"
"310018","207002"
"310018","015001"
"310018","207000"
"310018","008003"
"310018","207002"
"310018","020081"
"310018","207000"
"310018","020065"
"310018","008029"
"310018","207004"
"310018","015030"
"310018","207000"
"310018","008075"
"310019","001007"
"310019","002019"
"310019","301011"
"310019","301013"
"310019","301023"
"310019","007025"
"310019","008021"
"310019","007025"
"310019","008021"
"310019","007025"
"310019","008021"
"310019","008029"
"310019","005040"
"310019","008075"
"310019","008003"
"310019","010004"
"310019","008003"
"310019","207002"
"310019","015001"
"310019","207000"
"310019","033070"
"310019","015030"
"310019","207002"
"310019","020081"
"310019","207000"
"310019","008003"
"310019","033042"
"310019","007004"
"310019","207002"
"310019","015001"
"310019","207000"
"310019","008003"
"310019","113021"
"310019","007004"
"310019","007004"
"310019","207002"
"310019","008021"
"310019","015005"
"310019","008021"
"310019","015005"
"310019","033007"
"310019","207000"
"310019","008026"
"310019","101020"
"310019","025143"
"310019","008026"
"310019","008043"
"310019","109015"
"310019","007004"
"310019","008090"
"310019","207006"
"310019","015008"
"310019","207000"
"310019","008090"
"310019","207002"
"310019","033007"
"310019","207000"
"310019","008043"
"310019","033071"
"310019","108008"
"310019","202124"
"310019","201107"
"310019","002071"
"310019","201000"
"310019","202000"
"310019","207002"
"310019","020081"
"310019","207000"
"310020","310022"
"310020","301011"
"310020","301013"
"310020","301021"
"310020","304034"
"310020","310021"
"310021","108000"
"310021","031001"
"310021","201131"
"310021","202129"
"310021","007004"
"310021","007004"
"310021","202000"
"310021","201000"
"310021","015020"
"310021","010002"
"310022","001007"
"310022","002019"
"310022","001033"
"310022","002172"
"310023","301072"
"310023","030021"
"310023","030022"
"310023","008012"
"310023","007024"
"310023","007025"
"310023","010002"
"310023","101012"
"310023","304032"
"310023","105002"
"310023","002152"
"310023","002024"
"310023","007004"
"310023","007004"
"310023","013003"
"310023","101012"
"310023","304033"
"310024","301072"
"310024","030021"
"310024","030022"
"310024","008012"
"310024","007024"
"310024","007025"
"310024","010002"
"310024","101003"
"310024","304032"
"310024","105002"
"310024","002152"
"310024","002024"
"310024","007004"
"310024","007004"
"310024","013003"
"310024","101003"
"310024","304033"
"310025","001007"
"310025","008021"
"310025","004001"
"310025","004002"
"310025","004003"
"310025","004004"
"310025","004005"
"310025","201138"
"310025","202131"
"310025","004006"
"310025","202000"
"310025","201000"
"310025","201132"
"310025","005041"
"310025","201000"
"310025","201129"
"310025","005043"
"310025","201000"
"310025","005002"
"310025","006002"
"310025","013040"
"310025","020029"
"310025","104024"
"310025","005042"
"310025","012163"
"310025","021083"
"310025","021084"
"310025","115003"
"310025","004001"
"310025","004002"
"310025","004003"
"310025","201142"
"310025","202131"
"310025","004026"
"310025","202000"
"310025","201000"
"310025","005001"
"310025","006001"
"310025","201138"
"310025","202129"
"310025","007001"
"310025","202000"
"310025","201000"
"310025","008021"
"310025","004001"
"310025","004002"
"310025","004003"
"310025","004004"
"310025","004005"
"310025","005040"
"310025","101003"
"310025","012070"
"310025","025054"
"310025","101004"
"310025","025055"
"310025","008007"
"310025","104028"
"310025","005002"
"310025","006002"
"310025","002111"
"310025","005021"
"310026","310022"
"310026","025060"
"310026","008021"
"310026","301011"
"310026","301012"
"310026","201138"
"310026","202131"
"310026","004006"
"310026","202000"
"310026","201000"
"310026","033039"
"310026","033007"
"310026","304030"
"310026","304031"
"310026","002020"
"310026","001050"
"310026","202127"
"310026","304030"
"310026","202000"
"310026","304031"
"310026","201133"
"310026","202131"
"310026","004016"
"310026","202000"
"310026","201000"
"310026","301021"
"310026","304030"
"310026","010035"
"310026","005021"
"310026","010036"
"310026","113000"
"310026","031002"
"310026","301021"
"310026","005021"
"310026","108000"
"310026","031001"
"310026","002121"
"310026","007040"
"310026","015037"
"310026","008023"
"310026","201125"
"310026","015037"
"310026","201000"
"310026","008023"
"310026","033007"
"310026","108000"
"310026","031002"
"310026","007007"
"310026","015036"
"310026","008023"
"310026","201123"
"310026","015036"
"310026","201000"
"310026","008023"
"310026","033007"
"310026","116000"
"310026","031002"
"310026","007009"
"310026","010004"
"310026","012001"
"310026","013001"
"310026","008023"
"310026","201120"
"310026","010004"
"310026","201000"
"310026","201122"
"310026","012001"
"310026","201000"
"310026","201123"
"310026","013001"
"310026","201000"
"310026","008023"
"310026","033007"
"310026","008003"
"310026","007009"
"310026","010004"
"310026","008023"
"310026","201120"
"310026","010004"
"310026","201000"
"310026","008023"
"310026","033007"
"310027","301071"
"310027","301011"
"310027","301013"
"310027","301021"
"310027","030021"
"310027","030022"
"310027","010002"
"310027","304036"
"310027","002152"
"310027","002167"
"310027","101011"
"310027","304035"
"310028","301071"
"310028","301011"
"310028","301013"
"310028","301021"
"310028","030021"
"310028","030022"
"310028","010002"
"310028","304036"
"310028","002152"
"310028","002167"
"310028","101011"
"310028","304037"
"310029","110000"
"310029","031001"
"310029","201138"
"310029","202130"
"310029","007004"
"310029","007004"
"310029","202000"
"310029","201000"
"310029","015020"
"310029","010002"
"310029","012101"
"310029","013098"
"310030","310022"
"310030","301011"
"310030","301013"
"310030","301021"
"310030","304034"
"310030","310029"
"310050","310051"
"310050","310052"
"310050","101000"
"310050","031002"
"310050","310053"
"310050","101004"
"310050","310054"
"310050","020010"
"310050","310052"
"310050","101015"
"310050","310053"
"310050","310052"
"310050","101005"
"310050","310053"
"310051","001007"
"310051","005040"
"310051","201133"
"310051","005041"
"310051","201000"
"310051","201132"
"310051","025070"
"310051","201000"
"310051","202126"
"310051","007001"
"310051","202000"
"310051","007025"
"310051","005022"
"310051","102009"
"310051","002151"
"310051","012064"
"310052","002019"
"310052","301011"
"310052","301012"
"310052","202131"
"310052","201138"
"310052","004006"
"310052","201000"
"310052","202000"
"310052","301021"
"310052","007024"
"310052","005021"
"310052","005043"
"310053","201134"
"310053","005042"
"310053","201000"
"310053","025076"
"310053","033032"
"310053","012163"
"310054","201134"
"310054","005042"
"310054","201000"
"310054","025076"
"310054","033032"
"310054","201131"
"310054","202129"
"310054","102002"
"310054","008023"
"310054","014027"
"310054","008023"
"310054","202000"
"310054","201000"
"310055","310051"
"310055","310052"
"310055","102020"
"310055","025076"
"310055","025052"
"310055","101000"
"310055","031002"
"310055","025050"
"310060","001007"
"310060","001033"
"310060","002019"
"310060","002020"
"310060","301011"
"310060","301012"
"310060","207003"
"310060","004006"
"310060","207000"
"310060","304030"
"310060","301021"
"310060","007024"
"310060","005021"
"310060","007025"
"310060","005022"
"310060","008075"
"310060","201133"
"310060","005041"
"310060","201000"
"310060","005045"
"310060","005043"
"310060","005040"
"310060","010001"
"310060","201129"
"310060","007002"
"310060","201000"
"310060","202127"
"310060","201125"
"310060","021166"
"310060","201000"
"310060","202000"
"310060","008012"
"310060","020010"
"310060","020014"
"310060","002165"
"310060","033075"
"310060","107003"
"310060","008076"
"310060","006029"
"310060","006029"
"310060","025140"
"310060","025141"
"310060","033076"
"310060","033077"
"310060","008076"
"310060","033078"
"310060","033003"
"310060","104000"
"310060","031002"
"310060","201133"
"310060","005042"
"310060","201000"
"310060","014044"
"310061","001007"
"310061","001033"
"310061","001034"
"310061","002019"
"310061","002020"
"310061","301011"
"310061","301012"
"310061","207003"
"310061","004006"
"310061","207000"
"310061","005040"
"310061","005041"
"310061","005043"
"310061","033079"
"310061","033080"
"310061","033078"
"310061","301021"
"310061","201129"
"310061","007002"
"310061","201000"
"310061","007024"
"310061","005021"
"310061","007025"
"310061","005022"
"310061","025075"
"310061","111000"
"310061","031002"
"310061","005042"
"310061","202131"
"310061","002153"
"310061","002154"
"310061","202000"
"310061","002104"
"310061","012066"
"310061","012163"
"310061","012158"
"310061","012159"
"310061","033081"
"310062","001007"
"310062","001033"
"310062","001034"
"310062","002019"
"310062","002020"
"310062","301011"
"310062","301012"
"310062","207003"
"310062","004006"
"310062","207000"
"310062","005040"
"310062","201133"
"310062","005041"
"310062","005043"
"310062","201000"
"310062","008076"
"310062","033082"
"310062","301021"
"310062","201129"
"310062","007002"
"310062","201000"
"310062","007024"
"310062","005021"
"310062","007025"
"310062","005022"
"310062","008072"
"310062","008029"
"310062","105000"
"310062","031002"
"310062","005042"
"310062","002155"
"310062","033083"
"310062","014043"
"310062","015042"
"310193","301250"
"310193","303250"
"310193","302250"
"310193","303249"
"310193","303251"
"310194","301250"
"310194","303250"
"310194","302250"
"310194","303249"
"310194","303252"
"310195","301250"
"310195","303250"
"310195","304250"
"310196","301250"
"310196","303249"
"310196","303251"
"310226","310022"
"310226","025060"
"310226","008021"
"310226","301011"
"310226","301012"
"310226","201138"
"310226","202131"
"310226","004006"
"310226","202000"
"310226","201000"
"310226","033039"
"310226","033007"
"310226","304030"
"310226","304031"
"310226","002020"
"310226","001050"
"310226","202127"
"310226","304030"
"310226","202000"
"310226","304031"
"310226","201133"
"310226","202131"
"310226","004016"
"310226","202000"
"310226","201000"
"310226","301021"
"310226","304030"
"310226","010035"
"310226","005021"
"310226","010036"
"310226","107000"
"310226","031002"
"310226","301021"
"310226","005021"
"310226","103000"
"310226","031001"
"310226","002121"
"310226","007040"
"310226","015037"
"311001","301051"
"311001","007002"
"311001","012001"
"311001","011001"
"311001","011002"
"311001","011031"
"311001","011032"
"311001","011033"
"311001","020041"
"311002","301065"
"311002","301066"
"311002","311003"
"311002","311004"
"311003","010070"
"311003","011001"
"311003","011002"
"311003","012001"
"311003","013002"
"311004","101000"
"311004","031000"
"311004","011034"
"311004","101000"
"311004","031000"
"311004","011035"
"311004","101000"
"311004","031000"
"311004","011075"
"311004","101000"
"311004","031000"
"311004","011076"
"311004","101000"
"311004","031000"
"311004","033025"
"311004","101000"
"311004","031000"
"311004","033026"
"311005","001008"
"311005","001023"
"311005","301021"
"311005","301011"
"311005","301013"
"311005","007010"
"311005","008009"
"311005","011001"
"311005","011002"
"311005","011031"
"311005","011036"
"311005","012101"
"311005","033025"
"311006","007010"
"311006","011001"
"311006","011002"
"311006","002064"
"311006","012101"
"311006","012103"
"311007","007010"
"311007","301021"
"311007","011001"
"311007","011002"
"311007","002064"
"311007","012101"
"311007","012103"
"311008","001008"
"311008","301011"
"311008","301013"
"311008","301021"
"311008","008004"
"311008","101000"
"311008","031001"
"311008","311006"
"311009","001008"
"311009","301011"
"311009","301013"
"311009","301021"
"311009","008004"
"311009","101000"
"311009","031001"
"311009","311007"
"311010","001008"
"311010","001023"
"311010","001006"
"311010","001110"
"311010","001111"
"311010","001112"
"311010","204002"
"311010","031021"
"311010","301011"
"311010","301013"
"311010","301021"
"311010","007004"
"311010","010053"
"311010","008009"
"311010","011001"
"311010","011002"
"311010","002064"
"311010","011100"
"311010","011101"
"311010","011102"
"311010","011103"
"311010","011104"
"311010","012101"
"311010","013002"
"311010","013003"
"311010","101000"
"311010","031000"
"311010","012103"
"311010","033026"
"311010","101000"
"311010","031000"
"311010","020042"
"311010","103000"
"311010","031000"
"311010","020043"
"311010","020044"
"311010","020045"
"311010","101000"
"311010","031000"
"311010","033025"
"311010","103000"
"311010","031001"
"311010","011075"
"311010","011076"
"311010","011039"
"311010","102000"
"311010","031000"
"311010","011037"
"311010","011077"
"311010","103000"
"311010","031000"
"311010","011034"
"311010","011035"
"311010","011036"
"311010","204000"
"311010","118000"
"311010","031001"
"311010","301021"
"311010","007007"
"311010","301013"
"311010","011105"
"311010","204007"
"311010","031021"
"311010","011076"
"311010","011075"
"311010","204000"
"311010","011106"
"311010","011107"
"311010","011108"
"311010","011109"
"311010","012101"
"311010","011001"
"311010","201130"
"311010","011084"
"311010","201000"
"311193","301197"
"311193","301011"
"311193","301012"
"311193","301023"
"311193","008004"
"311193","007004"
"311193","008021"
"311193","011001"
"311193","011002"
"311193","011031"
"311193","011034"
"311193","011035"
"311193","012001"
"311193","012003"
"311193","013003"
"311193","020041"
"312001","301043"
"312001","304001"
"312002","301043"
"312002","304002"
"312003","301042"
"312003","304003"
"312004","301042"
"312004","304004"
"312005","301042"
"312005","020014"
"312006","301044"
"312006","304005"
"312007","301042"
"312007","304006"
"312010","001007"
"312010","005040"
"312010","002021"
"312010","005041"
"312010","004001"
"312010","004043"
"312011","202131"
"312011","201149"
"312011","004006"
"312011","201000"
"312011","202126"
"312011","010002"
"312011","202000"
"312011","005043"
"312011","005053"
"312012","202129"
"312012","201132"
"312012","101019"
"312012","012063"
"312012","201000"
"312012","202000"
"312013","005042"
"312013","202129"
"312013","201135"
"312013","012063"
"312013","201000"
"312013","202000"
"312014","312010"
"312014","312011"
"312014","105056"
"312014","301023"
"312014","005042"
"312014","005052"
"312014","312012"
"312014","312013"
"312015","109011"
"312015","301023"
"312015","005042"
"312015","005052"
"312015","202129"
"312015","201132"
"312015","101004"
"312015","012063"
"312015","202000"
"312015","201000"
"312016","312010"
"312016","312011"
"312016","312015"
"312017","109008"
"312017","301023"
"312017","005042"
"312017","005052"
"312017","202129"
"312017","201132"
"312017","101003"
"312017","012063"
"312017","202000"
"312017","201000"
"312018","312010"
"312018","312011"
"312018","312017"
"312019","301047"
"312019","301048"
"312019","015015"
"312019","029002"
"312019","021076"
"312019","106012"
"312019","201129"
"312019","006030"
"312019","201000"
"312019","102012"
"312019","005030"
"312019","021075"
"312019","021066"
"312020","301047"
"312020","301048"
"312020","015015"
"312020","029002"
"312020","021076"
"312020","104012"
"312020","006030"
"312020","102012"
"312020","005030"
"312020","021075"
"312020","021066"
"312021","301047"
"312021","101003"
"312021","301049"
"312021","011012"
"312021","011011"
"312021","021067"
"312022","301047"
"312022","008022"
"312022","011012"
"312022","011050"
"312022","022070"
"312022","022026"
"312022","312041"
"312022","010050"
"312022","021068"
"312022","021071"
"312022","021072"
"312022","021073"
"312022","312042"
"312022","021062"
"312022","015011"
"312023","301047"
"312023","103003"
"312023","008022"
"312023","012061"
"312023","022050"
"312023","021069"
"312023","021085"
"312024","312020"
"312024","008060"
"312024","008022"
"312024","008060"
"312024","008022"
"312024","025014"
"312024","022101"
"312024","022097"
"312024","022098"
"312024","022099"
"312024","022100"
"312025","312019"
"312025","008060"
"312025","008022"
"312025","008060"
"312025","008022"
"312025","025014"
"312025","022101"
"312025","022097"
"312025","022098"
"312025","022099"
"312025","022100"
"312026","301046"
"312026","301011"
"312026","301013"
"312026","301023"
"312026","312031"
"312026","101004"
"312026","312030"
"312026","021110"
"312026","301023"
"312026","321027"
"312026","021111"
"312026","301023"
"312026","321027"
"312026","021112"
"312026","301023"
"312026","321027"
"312026","021113"
"312026","301023"
"312026","321027"
"312027","301047"
"312027","105009"
"312027","301023"
"312027","007021"
"312027","012061"
"312027","007021"
"312027","012061"
"312027","021085"
"312027","021070"
"312028","301046"
"312028","301011"
"312028","301013"
"312028","301023"
"312028","008025"
"312028","201136"
"312028","004006"
"312028","201000"
"312028","312031"
"312028","312032"
"312028","101004"
"312028","312030"
"312028","101002"
"312028","312033"
"312028","021110"
"312028","301023"
"312028","321028"
"312028","021111"
"312028","301023"
"312028","321028"
"312028","021112"
"312028","301023"
"312028","321028"
"312028","021113"
"312028","301023"
"312028","321028"
"312030","201130"
"312030","202129"
"312030","011012"
"312030","202000"
"312030","201000"
"312030","011052"
"312030","201135"
"312030","202130"
"312030","011011"
"312030","202000"
"312030","201000"
"312030","011053"
"312030","021104"
"312031","005034"
"312031","006034"
"312031","021109"
"312031","011081"
"312031","011082"
"312031","021101"
"312031","021102"
"312031","021103"
"312032","021120"
"312032","021121"
"312032","013055"
"312032","021122"
"312033","002104"
"312033","008022"
"312033","012063"
"312033","012065"
"312041","201141"
"312041","202130"
"312041","007001"
"312041","201000"
"312041","202000"
"312042","021077"
"312042","021078"
"312042","021079"
"312042","021080"
"312042","021081"
"312042","021082"
"312045","001007"
"312045","002019"
"312045","001096"
"312045","025061"
"312045","005040"
"312045","301011"
"312045","301013"
"312045","301021"
"312045","007002"
"312045","012180"
"312045","012181"
"312045","012182"
"312045","012183"
"312045","012184"
"312045","012185"
"312045","002174"
"312045","021086"
"312045","012186"
"312045","021087"
"312045","012187"
"312045","033043"
"312050","001007"
"312050","002019"
"312050","001096"
"312050","025061"
"312050","005040"
"312050","301011"
"312050","301013"
"312050","301021"
"312050","007025"
"312050","005022"
"312050","010080"
"312050","027080"
"312050","008003"
"312050","007004"
"312050","013093"
"312050","008003"
"312050","201131"
"312050","202129"
"312050","007004"
"312050","007004"
"312050","202000"
"312050","201000"
"312050","013095"
"312051","001007"
"312051","002019"
"312051","001096"
"312051","025061"
"312051","005040"
"312051","008075"
"312051","301011"
"312051","301013"
"312051","301021"
"312051","001012"
"312051","201131"
"312051","001013"
"312051","201000"
"312051","010032"
"312051","010033"
"312051","010034"
"312051","007002"
"312051","008012"
"312051","025110"
"312051","025111"
"312051","025102"
"312051","002104"
"312051","025103"
"312051","025104"
"312051","025105"
"312051","025106"
"312051","025107"
"312051","025108"
"312051","002111"
"312051","002121"
"312051","002026"
"312051","002027"
"312051","021130"
"312051","021131"
"312051","021132"
"312051","021133"
"312051","021064"
"312051","025014"
"312051","021134"
"312051","107018"
"312051","005030"
"312051","105024"
"312051","201130"
"312051","006030"
"312051","201000"
"312051","021135"
"312051","021136"
"312051","033044"
"312052","001007"
"312052","002019"
"312052","001096"
"312052","025061"
"312052","005040"
"312052","025120"
"312052","025121"
"312052","025124"
"312052","025125"
"312052","025122"
"312052","025123"
"312052","301011"
"312052","301013"
"312052","301021"
"312052","007002"
"312052","002119"
"312052","033047"
"312052","010081"
"312052","010082"
"312052","010083"
"312052","010084"
"312052","002116"
"312052","002117"
"312052","002118"
"312052","002156"
"312052","002157"
"312052","014055"
"312052","022150"
"312052","022151"
"312052","022152"
"312052","022153"
"312052","022154"
"312052","022155"
"312052","022156"
"312052","022157"
"312052","022158"
"312052","022159"
"312052","021137"
"312052","021138"
"312052","021139"
"312052","021140"
"312052","021141"
"312052","021142"
"312052","010085"
"312052","010086"
"312052","010087"
"312052","010088"
"312052","010089"
"312052","010090"
"312052","010091"
"312052","010092"
"312052","010093"
"312052","011002"
"312052","025126"
"312052","025127"
"312052","025128"
"312052","025129"
"312052","025130"
"312052","025131"
"312052","025132"
"312052","025133"
"312052","025134"
"312052","025135"
"312052","025136"
"312052","025137"
"312052","013096"
"312052","013097"
"312052","011095"
"312052","011096"
"312052","012188"
"312052","012189"
"312052","002158"
"312052","002159"
"312052","033052"
"312052","033053"
"312052","021143"
"312052","021144"
"312053","001007"
"312053","002019"
"312053","001096"
"312053","025061"
"312053","005040"
"312053","008075"
"312053","301011"
"312053","301013"
"312053","301021"
"312053","001012"
"312053","201131"
"312053","001013"
"312053","201000"
"312053","010032"
"312053","010033"
"312053","010034"
"312053","007002"
"312053","008012"
"312053","025110"
"312053","025111"
"312053","025102"
"312053","002104"
"312053","025103"
"312053","025104"
"312053","025105"
"312053","025106"
"312053","025107"
"312053","025108"
"312053","011001"
"312053","011002"
"312053","022160"
"312053","025138"
"312053","201130"
"312053","202129"
"312053","022021"
"312053","202000"
"312053","201000"
"312053","033048"
"312053","033049"
"312053","002026"
"312053","002027"
"312053","021130"
"312053","021131"
"312053","021132"
"312053","021133"
"312053","025014"
"312053","106036"
"312053","005030"
"312053","104024"
"312053","201130"
"312053","006030"
"312053","201000"
"312053","022161"
"312053","033044"
"312055","005033"
"312055","005040"
"312055","006034"
"312055","010095"
"312055","021157"
"312056","025060"
"312056","001032"
"312056","011082"
"312056","011081"
"312056","020095"
"312056","020096"
"312056","021155"
"312056","201133"
"312056","021101"
"312056","021102"
"312056","201000"
"312057","201130"
"312057","202129"
"312057","011012"
"312057","202000"
"312057","201000"
"312057","201131"
"312057","202129"
"312057","011011"
"312057","202000"
"312057","201000"
"312057","021156"
"312057","021104"
"312058","301125"
"312058","301011"
"312058","301013"
"312058","301021"
"312058","312055"
"312058","021150"
"312058","101003"
"312058","321030"
"312059","312056"
"312059","101000"
"312059","031001"
"312059","312057"
"312060","025060"
"312060","025062"
"312060","040001"
"312060","040002"
"312060","021062"
"312060","021151"
"312060","021152"
"312060","021153"
"312060","021154"
"312060","021062"
"312060","021088"
"312060","040003"
"312060","040004"
"312060","040005"
"312060","040006"
"312060","040007"
"312060","020065"
"312060","040008"
"312060","040009"
"312060","040010"
"312061","312058"
"312061","312060"
"312061","312059"
"312070","001007"
"312070","002019"
"312070","001144"
"312070","001124"
"312070","030010"
"312070","301011"
"312070","301013"
"312070","301021"
"312070","007012"
"312070","015012"
"312070","012165"
"312070","012166"
"312070","012167"
"312070","012168"
"312070","027010"
"312070","028010"
"312070","002099"
"312070","013048"
"312070","025081"
"312070","025082"
"312070","025083"
"312070","025084"
"312070","012080"
"312070","012081"
"312070","012082"
"312070","025174"
"312070","033028"
"312200","301237"
"312200","301238"
"312200","029002"
"312200","021206"
"312200","104012"
"312200","006232"
"312200","102012"
"312200","005232"
"312200","021205"
"312200","021196"
"312201","301237"
"312201","101003"
"312201","301239"
"312201","011012"
"312201","011011"
"312201","021197"
"312202","301237"
"312202","008022"
"312202","011012"
"312202","011050"
"312202","301240"
"312202","022243"
"312202","301241"
"312202","010050"
"312202","021198"
"312202","021201"
"312202","021202"
"312202","021203"
"312202","301242"
"312203","301237"
"312203","008022"
"312203","012061"
"312203","022050"
"312203","021204"
"312203","021199"
"312203","021214"
"312203","021215"
"312204","312201"
"312204","001031"
"312204","011012"
"312204","011011"
"312204","021200"
"312204","021213"
"312204","004004"
"312204","008021"
"312204","004024"
"312204","055003"
"312204","011012"
"312204","011011"
"312208","301202"
"312208","008022"
"312208","008021"
"312208","301011"
"312208","301013"
"312208","301023"
"312208","302205"
"312208","011002"
"312208","001007"
"312208","002021"
"312208","301011"
"312208","301013"
"312208","301023"
"312208","001032"
"312208","001192"
"312208","302205"
"312208","011002"
"312209","301202"
"312209","001192"
"312209","301011"
"312209","301013"
"312209","301023"
"312209","302206"
"312209","104000"
"312209","022192"
"312209","102000"
"312209","005232"
"312209","022191"
"312210","312202"
"312210","021192"
"312210","015202"
"312210","301011"
"312210","004004"
"312210","004005"
"312210","201138"
"312210","202131"
"312210","004006"
"312210","201000"
"312210","202000"
"312210","304228"
"312210","304229"
"312211","301046"
"312211","301011"
"312211","301013"
"312211","301023"
"312211","312031"
"312211","101004"
"312211","312030"
"312211","021110"
"312211","101004"
"312211","312212"
"312211","021111"
"312211","101004"
"312211","312212"
"312211","021112"
"312211","101004"
"312211","312212"
"312211","021113"
"312211","101004"
"312211","312212"
"312212","301023"
"312212","321027"
"313009","021001"
"313009","101000"
"313009","031001"
"313009","021001"
"313010","021036"
"313010","101000"
"313010","031001"
"313010","021036"
"313031","006002"
"313031","006012"
"313031","101000"
"313031","031002"
"313031","030001"
"313032","005002"
"313032","005012"
"313032","101000"
"313032","031002"
"313032","313031"
"313041","006002"
"313041","110000"
"313041","031001"
"313041","104000"
"313041","031001"
"313041","006012"
"313041","101000"
"313041","031012"
"313041","030001"
"313041","006012"
"313041","101000"
"313041","031001"
"313041","030001"
"313042","005002"
"313042","005012"
"313042","101000"
"313042","031002"
"313042","313041"
"313043","006002"
"313043","005002"
"313043","005012"
"313043","112000"
"313043","031001"
"313043","110000"
"313043","031001"
"313043","104000"
"313043","031001"
"313043","006012"
"313043","101000"
"313043","031011"
"313043","030001"
"313043","006012"
"313043","101000"
"313043","031001"
"313043","030001"
"315001","001011"
"315001","301011"
"315001","301012"
"315001","301023"
"315001","306001"
"315002","001011"
"315002","301011"
"315002","301012"
"315002","301023"
"315002","306004"
"315003","001087"
"315003","001085"
"315003","001086"
"315003","002036"
"315003","002148"
"315003","002149"
"315003","022055"
"315003","022056"
"315003","022067"
"315003","301011"
"315003","301012"
"315003","301021"
"315003","008080"
"315003","033050"
"315003","109000"
"315003","031002"
"315003","007065"
"315003","008080"
"315003","033050"
"315003","022045"
"315003","008080"
"315003","033050"
"315003","022064"
"315003","008080"
"315003","033050"
"315005","106000"
"315005","031002"
"315005","007063"
"315005","008080"
"315005","033050"
"315005","022043"
"315005","008080"
"315005","033050"
"315006","001011"
"315006","301011"
"315006","301012"
"315006","301023"
"315006","306032"
"316001","301011"
"316001","004004"
"316001","301023"
"316001","001021"
"316001","002041"
"316001","019001"
"316001","010051"
"316001","019002"
"316001","019003"
"316001","019004"
"316002","008021"
"316002","004001"
"316002","004002"
"316002","004003"
"316002","004004"
"316002","004005"
"316002","001033"
"316002","008021"
"316002","004001"
"316002","004002"
"316002","004003"
"316002","004004"
"316002","004005"
"316002","007002"
"316002","007002"
"316003","110000"
"316003","031001"
"316003","008011"
"316003","008007"
"316003","104000"
"316003","031001"
"316003","005002"
"316003","006002"
"316003","010002"
"316003","011002"
"316003","008007"
"316003","008011"
"316004","111000"
"316004","031001"
"316004","008011"
"316004","008007"
"316004","007002"
"316004","007002"
"316004","102000"
"316004","031001"
"316004","005002"
"316004","006002"
"316004","011031"
"316004","008007"
"316004","008011"
"316005","108000"
"316005","031001"
"316005","008005"
"316005","008007"
"316005","005002"
"316005","006002"
"316005","001026"
"316005","019001"
"316005","008007"
"316005","008005"
"316006","112000"
"316006","031001"
"316006","008011"
"316006","008007"
"316006","007002"
"316006","007002"
"316006","102000"
"316006","031001"
"316006","005002"
"316006","006002"
"316006","020011"
"316006","020012"
"316006","008007"
"316006","008011"
"316007","110000"
"316007","031001"
"316007","008011"
"316007","008007"
"316007","104000"
"316007","031001"
"316007","005002"
"316007","006002"
"316007","019005"
"316007","019006"
"316007","008007"
"316007","008011"
"316008","111000"
"316008","031001"
"316008","008001"
"316008","008007"
"316008","008023"
"316008","103000"
"316008","031001"
"316008","005002"
"316008","006002"
"316008","010002"
"316008","008023"
"316008","008007"
"316008","008001"
"316009","111000"
"316009","031001"
"316009","008011"
"316009","008007"
"316009","007002"
"316009","007002"
"316009","102000"
"316009","031001"
"316009","005002"
"316009","006002"
"316009","020041"
"316009","008007"
"316009","008011"
"316010","107000"
"316010","031001"
"316010","008011"
"316010","008007"
"316010","001022"
"316010","005002"
"316010","006002"
"316010","008007"
"316010","008011"
"316011","117000"
"316011","031001"
"316011","008011"
"316011","001022"
"316011","008007"
"316011","102000"
"316011","031001"
"316011","005002"
"316011","006002"
"316011","008021"
"316011","004001"
"316011","004002"
"316011","004003"
"316011","004004"
"316011","004005"
"316011","020090"
"316011","008021"
"316011","008007"
"316011","008011"
"316022","001032"
"316022","002041"
"316022","019001"
"316022","019010"
"316022","118000"
"316022","031001"
"316022","008021"
"316022","004014"
"316022","008005"
"316022","301023"
"316022","019005"
"316022","019006"
"316022","010004"
"316022","011041"
"316022","008021"
"316022","004075"
"316022","011040"
"316022","019008"
"316022","105004"
"316022","005021"
"316022","005021"
"316022","102002"
"316022","019003"
"316022","019004"
"316030","301014"
"316030","001037"
"316030","010064"
"316030","008019"
"316030","001062"
"316030","008019"
"316030","001065"
"316030","008019"
"316030","001062"
"316030","008019"
"316031","008021"
"316031","301011"
"316031","301012"
"316031","301027"
"316031","019005"
"316031","019006"
"316031","020028"
"316031","008021"
"316032","008021"
"316032","301011"
"316032","301012"
"316032","301027"
"316032","008021"
"316033","008021"
"316033","301011"
"316033","301012"
"316033","101000"
"316033","031001"
"316033","301027"
"316033","008021"
"316034","008079"
"316034","316030"
"316034","008011"
"316034","001022"
"316034","008007"
"316034","301023"
"316034","008007"
"316034","020090"
"316034","316031"
"316034","101000"
"316034","031000"
"316034","316032"
"316034","101000"
"316034","031001"
"316034","316033"
"316034","008011"
"316034","008079"
"316035","008079"
"316035","316030"
"316035","008011"
"316035","020023"
"316035","020021"
"316035","020008"
"316035","316031"
"316035","008011"
"316035","008079"
"316036","008079"
"316036","316030"
"316036","008011"
"316036","001027"
"316036","316031"
"316036","101000"
"316036","031000"
"316036","316032"
"316036","101000"
"316036","031001"
"316036","316033"
"316036","008011"
"316036","008079"
"316037","008079"
"316037","316030"
"316037","008011"
"316037","011031"
"316037","316031"
"316037","008011"
"316037","008079"
"316038","008079"
"316038","316030"
"316038","008011"
"316038","020041"
"316038","020021"
"316038","316031"
"316038","008011"
"316038","008079"
"316039","008079"
"316039","316030"
"316039","008011"
"316039","020024"
"316039","316031"
"316039","008011"
"316039","008079"
"316040","316030"
"316040","008079"
"316040","301014"
"316040","001037"
"316040","010064"
"316040","008079"
"316050","301001"
"316050","301011"
"316050","301012"
"316050","002160"
"316050","008005"
"316050","005002"
"316050","006002"
"316050","008005"
"316050","019100"
"316050","019005"
"316050","019006"
"316050","019101"
"316050","019102"
"316050","019103"
"316050","019104"
"316050","019105"
"316052","301005"
"316052","301011"
"316052","301012"
"316052","001007"
"316052","025150"
"316052","122000"
"316052","031001"
"316052","001027"
"316052","019150"
"316052","019106"
"316052","008005"
"316052","005002"
"316052","006002"
"316052","008005"
"316052","019107"
"316052","019005"
"316052","019006"
"316052","019108"
"316052","019109"
"316052","019110"
"316052","019111"
"316052","019112"
"316052","019113"
"316052","019114"
"316052","019115"
"316052","019116"
"316052","019117"
"316052","019118"
"316052","019119"
"316071","301014"
"316071","101000"
"316071","031002"
"316071","316075"
"316071","101000"
"316071","031002"
"316071","316076"
"316072","301014"
"316072","101000"
"316072","031002"
"316072","316077"
"316072","101000"
"316072","031002"
"316072","316078"
"316072","101000"
"316072","031002"
"316072","316079"
"316073","301014"
"316073","101000"
"316073","031002"
"316073","316080"
"316073","101000"
"316073","031002"
"316073","316081"
"316074","001039"
"316074","008021"
"316074","301014"
"316074","301027"
"316074","008021"
"316075","008079"
"316075","008041"
"316075","316074"
"316075","020006"
"316075","033042"
"316075","020013"
"316075","033042"
"316075","020001"
"316075","020025"
"316075","020026"
"316075","008041"
"316075","008079"
"316076","008079"
"316076","008041"
"316076","316074"
"316076","020006"
"316076","020025"
"316076","020026"
"316076","008041"
"316076","008079"
"316077","008079"
"316077","008011"
"316077","316074"
"316077","011031"
"316077","008011"
"316077","008079"
"316078","008079"
"316078","008041"
"316078","316074"
"316078","033042"
"316078","011012"
"316078","008041"
"316078","008079"
"316079","008079"
"316079","008011"
"316079","316074"
"316079","020023"
"316079","020024"
"316079","008011"
"316079","008079"
"316080","008079"
"316080","008011"
"316080","316074"
"316080","020041"
"316080","008011"
"316080","008079"
"316081","008079"
"316081","008041"
"316081","316074"
"316081","008041"
"316081","008079"
"318001","301025"
"318001","024011"
"318003","301026"
"318003","024005"
"318003","024004"
"318003","024021"
"318004","301025"
"318004","004023"
"318004","013011"
"318004","024005"
"318004","024004"
"318004","024022"
"321001","002101"
"321001","002114"
"321001","002105"
"321001","002106"
"321001","002107"
"321001","002121"
"321003","021051"
"321003","021014"
"321003","021017"
"321003","021030"
"321004","301031"
"321004","002003"
"321004","101000"
"321004","031001"
"321004","321003"
"321005","025004"
"321005","002121"
"321005","002122"
"321005","002123"
"321005","002124"
"321005","002125"
"321005","002126"
"321005","002127"
"321005","002128"
"321005","002129"
"321005","002130"
"321005","002131"
"321006","025001"
"321006","025002"
"321006","025003"
"321006","025005"
"321007","025009"
"321007","025010"
"321007","025011"
"321007","025012"
"321007","025013"
"321007","025015"
"321007","025016"
"321007","025017"
"321008","025006"
"321008","025007"
"321008","025008"
"321009","025018"
"321009","025019"
"321010","002101"
"321010","007002"
"321010","002102"
"321010","002103"
"321010","002104"
"321010","002105"
"321010","002106"
"321010","002107"
"321010","002108"
"321010","002109"
"321010","002110"
"321010","002132"
"321010","002133"
"321011","030031"
"321011","030032"
"321011","029002"
"321012","101000"
"321012","031001"
"321012","002135"
"321021","002003"
"321021","002101"
"321021","201130"
"321021","002106"
"321021","201000"
"321021","201132"
"321021","202130"
"321021","002121"
"321021","202000"
"321021","201000"
"321021","201133"
"321021","202129"
"321021","025001"
"321021","202000"
"321021","201000"
"321022","007007"
"321022","204001"
"321022","031021"
"321022","011001"
"321022","204000"
"321022","011002"
"321022","204001"
"321022","031021"
"321022","011006"
"321022","204000"
"321022","021030"
"321023","007007"
"321023","021091"
"321023","021030"
"321023","202129"
"321023","021014"
"321023","201129"
"321023","021017"
"321023","202000"
"321023","201000"
"321024","007007"
"321024","204001"
"321024","031021"
"321024","012007"
"321024","011006"
"321024","204000"
"321024","021030"
"321025","007007"
"321025","021091"
"321025","021030"
"321025","202129"
"321025","021014"
"321025","201129"
"321025","021017"
"321025","202000"
"321025","201000"
"321025","021092"
"321025","021030"
"321025","025092"
"321025","201129"
"321025","202129"
"321025","021017"
"321025","202000"
"321025","201000"
"321026","007007"
"321026","204001"
"321026","031021"
"321026","012007"
"321026","025091"
"321026","011071"
"321026","011072"
"321026","011073"
"321026","011074"
"321026","204000"
"321027","021118"
"321027","202129"
"321027","201132"
"321027","002112"
"321027","201000"
"321027","201131"
"321027","002111"
"321027","201000"
"321027","202000"
"321027","002104"
"321027","021105"
"321027","021106"
"321027","021107"
"321027","021114"
"321027","021115"
"321027","021116"
"321027","008018"
"321027","021117"
"321028","021118"
"321028","202129"
"321028","201132"
"321028","002112"
"321028","201000"
"321028","201131"
"321028","002111"
"321028","201000"
"321028","202000"
"321028","002104"
"321028","021123"
"321028","021106"
"321028","021107"
"321028","021114"
"321028","021115"
"321028","021116"
"321028","008018"
"321028","021117"
"321030","008085"
"321030","202129"
"321030","201131"
"321030","002111"
"321030","201000"
"321030","202000"
"321030","002134"
"321030","021062"
"321030","021063"
"321030","021158"
"321030","021159"
"321030","021160"
"321030","021161"
"321030","021162"
"321030","021163"
"321030","021164"
"321030","021165"
"321030","021166"
"322028","001007"
"322028","002019"
"322028","004001"
"322028","004002"
"322028","004003"
"322028","004004"
"322028","004005"
"322028","004006"
"322028","005001"
"322028","006001"
"322028","027001"
"322028","028001"
"322028","027001"
"322028","028001"
"322028","027001"
"322028","028001"
"322028","027001"
"322028","028001"
"322028","010001"
"322028","014019"
"322028","007025"
"322028","010080"
"322028","005023"
"322028","020010"
"322028","008003"
"322028","007004"
"322028","014026"
"322028","020014"
"322028","013093"
"322028","105000"
"322028","031001"
"322028","007004"
"322028","007004"
"322028","008043"
"322028","008044"
"322028","015021"
"340001","001007"
"340001","001031"
"340001","002019"
"340001","002020"
"340001","004001"
"340001","004002"
"340001","004003"
"340001","004004"
"340001","004005"
"340001","202131"
"340001","201138"
"340001","004006"
"340001","201000"
"340001","202000"
"340001","005001"
"340001","006001"
"340001","007024"
"340001","005021"
"340001","007025"
"340001","005022"
"340001","005043"
"340001","005040"
"340001","201133"
"340001","005041"
"340001","201000"
"340001","201132"
"340001","025070"
"340001","201000"
"340001","202126"
"340001","007001"
"340001","202000"
"340001","033060"
"340001","033061"
"340001","033062"
"340001","033063"
"340001","033064"
"340001","033065"
"340001","101010"
"340001","340002"
"340001","101087"
"340001","340003"
"340001","002019"
"340001","025051"
"340001","101007"
"340001","340004"
"340002","025140"
"340002","025141"
"340002","025142"
"340003","104100"
"340003","201136"
"340003","005042"
"340003","201000"
"340003","014046"
"340004","005060"
"340004","005061"
"340004","025085"
"340004","105006"
"340004","005042"
"340004","025142"
"340004","014047"
"340004","025142"
"340004","014048"
"340005","001007"
"340005","002019"
"340005","001096"
"340005","025061"
"340005","005044"
"340005","005040"
"340005","001030"
"340005","004001"
"340005","004002"
"340005","004003"
"340005","004004"
"340005","004005"
"340005","004007"
"340005","005001"
"340005","006001"
"340005","008029"
"340005","008074"
"340005","008077"
"340005","040011"
"340005","025097"
"340005","025095"
"340005","025098"
"340005","025099"
"340005","021144"
"340005","025096"
"340005","040012"
"340005","040013"
"340005","021169"
"340005","022151"
"340005","022162"
"340005","022163"
"340005","025160"
"340005","025133"
"340005","022156"
"340005","022164"
"340005","022165"
"340005","022166"
"340005","021137"
"340005","021138"
"340005","022167"
"340005","021139"
"340005","021118"
"340005","021145"
"340005","021146"
"340005","021147"
"340005","022168"
"340005","022169"
"340005","022170"
"340005","025161"
"340005","025162"
"340005","022171"
"340005","022172"
"340005","022173"
"340005","022174"
"340005","021170"
"340005","021171"
"340005","022175"
"340005","021172"
"340005","021118"
"340005","021173"
"340005","021174"
"340005","021175"
"340005","002153"
"340005","012063"
"340005","002153"
"340005","012063"
"340005","002153"
"340005","012063"
"340005","013090"
"340005","013091"
"340005","007002"
"340005","011097"
"340005","011098"
"340005","007002"
"340005","011095"
"340005","011096"
"340005","010096"
"340005","010081"
"340005","010082"
"340005","010083"
"340005","010101"
"340005","025132"
"340005","025163"
"340005","025126"
"340005","025128"
"340005","025164"
"340005","010085"
"340005","010097"
"340005","010086"
"340005","010087"
"340005","010092"
"340005","010088"
"340005","010089"
"340005","010098"
"340005","010099"
"340005","010090"
"340005","010100"
"340005","010093"
"340005","025127"
"340005","040014"
"340007","001007"
"340007","001031"
"340007","002019"
"340007","002020"
"340007","004001"
"340007","004002"
"340007","004003"
"340007","004004"
"340007","004005"
"340007","202131"
"340007","201138"
"340007","004006"
"340007","201000"
"340007","202000"
"340007","005001"
"340007","006001"
"340007","007024"
"340007","005021"
"340007","007025"
"340007","005022"
"340007","005043"
"340007","005040"
"340007","201133"
"340007","005041"
"340007","201000"
"340007","201132"
"340007","025070"
"340007","201000"
"340007","202126"
"340007","007001"
"340007","202000"
"340007","103003"
"340007","025140"
"340007","025141"
"340007","033060"
"340007","033061"
"340007","033062"
"340007","033063"
"340007","033064"
"340007","033065"
"340007","040020"
"340007","101010"
"340007","340002"
"340007","101087"
"340007","340003"
"340007","002019"
"340007","025051"
"340007","101007"
"340007","340004"
"340007","020081"
"340007","008029"
"340007","020083"
"340007","008029"
"340007","040018"
"340007","040019"
"340007","040021"
"340007","040022"
"340008","001007"
"340008","001031"
"340008","002019"
"340008","002020"
"340008","004001"
"340008","004002"
"340008","004003"
"340008","004004"
"340008","004005"
"340008","202131"
"340008","201138"
"340008","004006"
"340008","201000"
"340008","202000"
"340008","005001"
"340008","006001"
"340008","007024"
"340008","005021"
"340008","007025"
"340008","005022"
"340008","005043"
"340008","005040"
"340008","201133"
"340008","005041"
"340008","201000"
"340008","201132"
"340008","025070"
"340008","201000"
"340008","202126"
"340008","007001"
"340008","202000"
"340008","103003"
"340008","025140"
"340008","025141"
"340008","033060"
"340008","033061"
"340008","033062"
"340008","033063"
"340008","033064"
"340008","033065"
"340008","040020"
"340008","101010"
"340008","340002"
"340008","104000"
"340008","031002"
"340008","201136"
"340008","005042"
"340008","201000"
"340008","014046"
"340008","108003"
"340008","025140"
"340008","025141"
"340008","040026"
"340008","040016"
"340008","025062"
"340008","101000"
"340008","031002"
"340008","040017"
"340008","002019"
"340008","025051"
"340008","101007"
"340008","340004"
"340008","020081"
"340008","008029"
"340008","020083"
"340008","008029"
"340008","040018"
"340008","040019"
"340008","040021"
"340008","040022"
"340009","001007"
"340009","001031"
"340009","002019"
"340009","002020"
"340009","301011"
"340009","301013"
"340009","005040"
"340009","201136"
"340009","005041"
"340009","201000"
"340009","025071"
"340009","005001"
"340009","005001"
"340009","006001"
"340009","006001"
"340009","107064"
"340009","106032"
"340009","008012"
"340009","008013"
"340009","008065"
"340009","008072"
"340009","013039"
"340009","040015"
"340010","001007"
"340010","002019"
"340010","001096"
"340010","025061"
"340010","005044"
"340010","005040"
"340010","001030"
"340010","004001"
"340010","004002"
"340010","004003"
"340010","004004"
"340010","004005"
"340010","004007"
"340010","005001"
"340010","006001"
"340010","008029"
"340010","008074"
"340010","008077"
"340010","040011"
"340010","025097"
"340010","025095"
"340010","025098"
"340010","025099"
"340010","021144"
"340010","025096"
"340010","040012"
"340010","040013"
"340010","021169"
"340010","040023"
"340010","040024"
"340010","040025"
"340010","022151"
"340010","022162"
"340010","022163"
"340010","025160"
"340010","025133"
"340010","022156"
"340010","022164"
"340010","022165"
"340010","022166"
"340010","021137"
"340010","021138"
"340010","022167"
"340010","021139"
"340010","021118"
"340010","021145"
"340010","021146"
"340010","021147"
"340010","022168"
"340010","022169"
"340010","022170"
"340010","025161"
"340010","025162"
"340010","022171"
"340010","022172"
"340010","022173"
"340010","022174"
"340010","021170"
"340010","021171"
"340010","022175"
"340010","021172"
"340010","021118"
"340010","021173"
"340010","021174"
"340010","021175"
"340010","002153"
"340010","012063"
"340010","002153"
"340010","012063"
"340010","002153"
"340010","012063"
"340010","013090"
"340010","013091"
"340010","007002"
"340010","011097"
"340010","011098"
"340010","007002"
"340010","011095"
"340010","011096"
"340010","010096"
"340010","010081"
"340010","010082"
"340010","010083"
"340010","010101"
"340010","025132"
"340010","025163"
"340010","025126"
"340010","025128"
"340010","025164"
"340010","010085"
"340010","010097"
"340010","010086"
"340010","010087"
"340010","010092"
"340010","010088"
"340010","010089"
"340010","010098"
"340010","010099"
"340010","010090"
"340010","010100"
"340010","010093"
"340010","025127"
"340010","040014"
"340211","001007"
"340211","002019"
"340211","001096"
"340211","025061"
"340211","005044"
"340211","005040"
"340211","001030"
"340211","004001"
"340211","004002"
"340211","004003"
"340211","004004"
"340211","004005"
"340211","004007"
"340211","005001"
"340211","006001"
"340211","008029"
"340211","008077"
"340211","040011"
"340211","025097"
"340211","025112"
"340211","025113"
"340211","021148"
"340211","021169"
"340211","040024"
"340211","040025"
"340211","002153"
"340211","022188"
"340211","022190"
"340211","022191"
"340211","025167"
"340211","025166"
"340211","022189"
"340211","022192"
"340211","022193"
"340211","022194"
"340211","021176"
"340211","021177"
"340211","022195"
"340211","021178"
"340211","021118"
"340211","021179"
"340211","021180"
"340211","021181"
"340211","002153"
"340211","012063"
"340211","002153"
"340211","012063"
"340211","013090"
"340211","013160"
"340211","007002"
"340211","011097"
"340211","007002"
"340211","011095"
"340211","011096"
"340211","010096"
"340211","010081"
"340211","010082"
"340211","010083"
"340211","010101"
"340211","002153"
"340211","025165"
"340211","025126"
"340211","025128"
"340211","025164"
"340211","010085"
"340211","010086"
"340211","010087"
"340211","010092"
"340211","010088"
"340211","010089"
"340211","010098"
"340211","010099"
"340211","010090"
"340211","010100"
"340211","010093"
"340211","025127"
"340211","040014"
"340211","010102"
